"Context","Source/Traduction"
"CODE","fr"
"NAME","Français"
"TMCE_NAM","Gestionnaire de transfert"
"tabTransferManager","Gestionnaire de transfert"
"tabGeneral","Général"
"tabWarehouses","Livraison des marchandises"
"tabServices","Services"
"DEBUGPROFILE","Transfer Manager Personnalisé"
"optionEnableNewTransferManager","Activer Transfer Manager Personnalisé"
"GROUP_SERVICE_OPTIONS","Options des services"
"GROUP_SERVICE_DISTRICT_OPTIONS","Options du quartier"
"optionPreferLocalService","Préférer les services du quartier"
"optionPreferLocalService_txt","Améliore les services en traitant les demandes de faible priorité uniquement avec les bâtiments situés dans le même quartier (ou hors quartier). Dès qu'une demande non satisfaite devient une haute priorité, elle sera prise en charge par tout service à proximité. Affecte : les ordures, la police, les services de santé, la maintenance, le courrier, les taxis."
"txtPreferLocalService","Améliore les services en traitant les demandes de faible priorité uniquement avec les bâtiments situés dans le même quartier (ou hors quartier). Dès qu'une demande non satisfaite devient une haute priorité, elle sera prise en charge par tout service à proximité. Affecte : les ordures, la police, les services de santé, la maintenance, le courrier, les taxis."
"txtPreferLocalServiceWarning","Attention : ceci est une option puissante. Veuillez vous assurer que vous avez défini des quartiers pour chacune de vos zones et que vous avez des services disponibles dans ces quartiers avant d'activer cette option."
"GROUP_WAREHOUSE_OPTIONS","Options de l'entrepôt"
"optionWarehouseFirst","Faire correspondre les offres de l'entrepôt en premier"
"optionWarehouseFirst_txt","Cette option correspondra aux offres d'entrepôt entrant au début du processus de correspondance, ce qui se traduira par le transfert de la plupart des marchandises par l'entrepôt."
"txtWarehouseSmartImportExport","Cette option appliquera des règles d'importation/exportation plus intelligentes aux entrepôts en mode équilibré, ils ne pourront maintenant importer jusqu'à 1/3e plein et exporter que si plus de 2/3e rangs."
"optionWarehouseSmartImportExport","Importation / Exportation d'un entrepôt plus intelligent"
"txtImprovedWarehouseMatching","Les offres d'entrepôt sont limitées par défaut à la priorité 2, cette option leur permettra de passer à la priorité 7."
"optionImprovedWarehouseMatching","Transfert d'entrepôt amélioré"
"txtNewInterWarehouseMatching","Cette option permet d'effectuer des transferts entre entrepôts, mais surveille les stocks afin que les entrepôts n'envoient pas de marchandises dans un sens ou dans l'autre inutilement."
"optionNewWarehouseTransfer","Amélioration du transfert entre entrepôts"
"optionWarehouseReserveTrucks","Réserver les camions de marchandises de l'entrepôt pour les transferts locaux"
"optionWarehouseReserveTrucks_txt","Il est conseillé de l'activer avec l'option d'entrepôt en premier : cela permet de réserver un pourcentage de camions pour satisfaire les demandes de la ville et empêche l'utilisation de tous les camions pour l'export."
"txtNewWarehouseReserveTrucks","Cette option réduira la priorité de l'offre OUT lorsque le nombre de camions restant est inférieur à ce pourcentage. Ce qui a pour effet de réserver la capacité des camions pour satisfaire une demande locale hautement prioritaire."
"GROUP_CARGO_WAREHOUSE_OPTIONS","Options de l'entrepôt de marchandise"
"txtImprovedCargoWarehouseMatching","Cette option appliquera des règles aux correspondances d’entrepôt de fret pour s’assurer que la ligne ferroviaire est utilisée entre les entrepôts de fret et les connexions extérieures."
"optionImprovedCargoWarehouseMatching","Amélioration du transfert entre entrepôts"
"GROUP_FACTORY_OPTIONS","Options d'usine"
"optionFactoryFirst","Faire correspondre les offres d'usine en premier"
"optionFactoryFirstText","Cette option placera les offres d'usine entrantes au début du processus de mise en correspondance pour garantir que les usines soient mises en correspondance avec l'offre disponible la plus proche pour un fonctionnement amélioré."
"GROUP_EXPORTIMPORT_OPTIONS","Options pour les connexions extérieures"
"OutsidePriorityDescription","Ces priorités seront appliquées dans le processus de recherche afin de faire correspondre plus ou moins les connexions extérieures."
"txtCargoPriority","Priorité du fret"
"txtCitizenPriority","Priorité du citoyen"
"GROUP_EXPERIMENTAL_DEATHCARE","Service mortuaire/ordures"
"optionDeathcareExperimental","Amélioration des transferts des services mortuaires"
"optionGarbageExperimental","Amélioration du ramassage des ordures"
"optionPoliceExperimental","Amélioration des services de police"
"optionImprovedMailTransfers","Amélioration du transfert du courrier"
"txtDeathcareExperimental","Par défaut, les cimetières et les commissariats de police envoient une offre de transfert pour un véhicule à la fois. Cette option modifie l'offre pour être le nombre de véhicules disponibles, ce qui peut améliorer l'appariement des véhicules.\r\nCela augmente maintenant aussi l'offre de priorité lorsque moins de 1/2 des véhicules sont en cours d'utilisation."
"GROUP_TRANSFERISSUE_PANEL","Aperçu des Problèmes"
"keyOpenTransferIssuePanel","Ouvrir l'Aperçu des Problèmes"
"optionShowIssuesWithVehiclesOnRoute","Afficher les problèmes d'itinéraire des véhicules"
"sliderTransferIssueDeleteResolvedDelay","Supprimer le délai d'attente de résolution des problèmes"
"GROUP_STATISTICS_PANEL","Panneau des stats"
"keyOpenStatisticsPanel","Ouvrir le Panneau des stats"
"StatisticsPanelEnabled","Activer les statistiques"
"btnResetTransferManagerSettings","Réinitialiser tous les paramètres du gestionnaire de transfert"
"btnResetPathingStatistics","Réinitialiser le cheminement"
"buttonResetTransferStatistics","Réinitialiser les statistiques de transfert"
"tabBuildingPanelSettings","Paramètres"
"GROUP_BUILDINGPANEL_SERVICES","Options des Services"
"GROUP_BUILDINGPANEL_OUTSIDE_CONNECTIONS","Connexions extérieures"
"dropdownBuildingPanelImportExport","Import / Export"
"GROUP_BUILDINGPANEL_OUTSIDE_PRIORITY","	Priorité de connexion extérieure"
"txtOutsideConnectionCurrentCargoPriority","Priorité actuelle du fret"
"txtOutsideConnectionCurrentCitizenPriority","Priorité actuelle du citoyen"
"GROUP_BUILDINGPANEL_GOODS_DELIVERY","Options de livraison de marchandise"
"chkBuildingPanelReserveWarehouseTrucks","Réserver les camions de marchandises de l'entrepôt pour les transferts locaux"
"tabBuildingPanelStatus","Statut"
"tabBuildingPanelStops","Arrêts"
"tabBuildingPanelTransfers","Transfert"
"listBuildingPanelStatusColumn1","Matériaux"
"listBuildingPanelStatusColumn2","Valeur"
"listBuildingPanelStatusColumn3","Fournisseur"
"listBuildingPanelStatusColumn4","Véhicule"
"listBuildingPanelStatusColumn5","Minuteur"
"listBuildingPanelStopsSourceVehicle","Source / véhicule"
"labelBuildingPanelOffers","Offres de Transfert"
"labelBuildingPanelMatchOffers","Correspondance"
"listBuildingPanelOffersColumn1","Entrée/Sortie"
"listBuildingPanelOffersColumn2","Matériaux"
"listBuildingPanelOffersColumn3","Priorité"
"listBuildingPanelOffersColumn4","Actif"
"listBuildingPanelOffersColumn5","Montant"
"listBuildingPanelOffersColumn6","Description"
"listBuildingPanelMatchesColumn1","Temps"
"listBuildingPanelMatchesColumn2","Matériaux"
"listBuildingPanelMatchesColumn3","Actif"
"listBuildingPanelMatchesColumn4","Montant"
"listBuildingPanelMatchesColumn5","Δ"
"listBuildingPanelMatchesColumn6","Description"
"titleTransferIssuesPanel","Problèmes"
"tabTransferIssuesPathing","En cours"
"tabTransferIssues","Problèmes"
"tabTransferIssuesDead","Mort"
"listPathingColumn1","Temps"
"listPathingColumn2","Source"
"listPathingColumn3","Objectif"
"txtIssue","Problème"
"listDeadColumn1","Mort"
"listDeadColumn2","Minuteur"
"listDeadColumn3","Source"
"listDeadColumn4","Objectif"
"listDeadColumn5","Véhicule"
"tabTransferIssuesSick","Malade"
"listSickColumn1","Malade"
"listBuildingPanelVehicleTarget","Objectif"
"dropdownBuildingPanelPreferLocalLabel","Restrictions de quartier"
"dropdownBuildingPanelPreferLocal1","Tous les quartiers"
"dropdownBuildingPanelPreferLocal2","Préférer dans le quartier"
"dropdownBuildingPanelPreferLocal3","Seulement dans le quartier"
"dropdownBuildingPanelPreferLocal4","Tous les quartiers, sauf pour"
"tabTransferIssuesOutside","Extérieur"
"GROUP_BUILDING_PANEL","Panneau de bâtiment"
"keyOpenBuildingPanel","Ouvrir le Panneau de bâtiment"
"GROUP_LOCALISATION","Localisation"
"dropdownLocalization","Langue"
"tabBuildingPanelVehicles","Véhicules"
"txtBuildingPanelTransferManagerWarning","Attention : Ces paramètres nécessitent l'activation de Transfer Manager Personnalisé."
"tabTransferIssuesGoods","Marchandises entrantes"
"tabTransferIssuesGoodsOut","Marchandises sortantes"
"chkShowIssuesWithVehicles","Afficher les problèmes d'itinéraire des véhicules"
"GROUP_BUILDINGPANEL_DISTRICT","Restrictions de Quartier"
"dropdownBuildingPanelOutgoingPreferLocalLabel","Sortant"
"dropdownBuildingPanelIncomingPreferLocalLabel","Entrant"
"chkAllowImport","Autoriser les importations"
"chkAllowExport","Autoriser les exportations"
"GROUP_BUILDINGPANEL_APPLYTOALL","Appliquer à tous les bâtiments de ce type"
"txtApplyToBuilding","Appliquer aux bâtiments"
"tabExperimental","Expérimental"
"chkDistrictAllowServices","Autoriser les services (éboueur, pompier, police...)"
"GROUP_DISTANCE_LIMITS","Limite de distance"
"tabDistanceRestrictions","Distance"
"sliderDeathcareDistanceLimits","Limite de distance des services mortuaires (km)"
"sliderHealthcareDistanceLimits","Limite de distance des services de santé(km)"
"sliderGarbageDistanceLimits","Limite de distance des éboueurs (km)"
"sliderPoliceDistanceLimits","Limite de distance de la police (km)"
"sliderFireDistanceLimits","Limite de distance des pompiers (km)"
"sliderMailDistanceLimits","Limite de distance du courrier (km)"
"txtDistanceLimits","Maximum allowed matching distance, 0 = Unlimited.\r\nImports/Exports are not affected."
"tabVehicleAI","Véhicules IA"
"GROUP_VEHICLE_AI","Activer/Désactiver Vehicle AI"
"txtVehicleAIDescription","VehicleAI permet aux véhicules de trouver des problèmes à résoudre dans leur zone."
"optionFireTruckAI","Camion de pompiers"
"optionFireCopterAI","Hélicoptère des pompiers"
"optionPostVanAI","Camionnette de la Poste"
"optionGarbageTruckAI","Camion poubelle"
"optionPoliceCarAI","Voiture de police"
"optionPoliceCopterAI","Hélicoptères de police"
"optionCargoTruckAI","Camion de marchandises"
"tabImportExport","Import / Export"
"GROUP_IMPORT_RESTRICTIONS","Autoriser les importations"
"txtImportRestrictions","Assurez-vous d'avoir une production propre suffisante avant de désactiver ces ressources."
"sliderWarehouseReservePercent","Réserve de camion pour les transferts locaux (%)"
"sliderWarehouseReservePercentLocal","Camions Réservés (%)"
"GROUP_DUMMY_TRAFFIC","Trafic fictif"
"optionDummyTraffic","Désactiver le trafic fictif"
"txtDummyTraffic","Le jeu ajoute du trafic fictif pour rendre la ville plus vivante. Cette option bloque le trafic fictif pour réduire la circulation dans la ville."
"optionWarehouseOverride","Remplacer les paramètres globaux"
"GROUP_OUTSIDE_CONNECTIONS_PANEL","Panneau de Connexion Extérieure"
"listConnectionName","Nom"
"listConnectionType","Type"
"listConnectionInOut","Entrée / Sortie"
"listConnectionUsage","Usage"
"listConnectionGuest","Véhicules invités"
"listConnectionOwn","Véhicules Propre"
"listConnectionStuck","Bloqué"
"listConnectionCargoPriority","Marchandises"
"listConnectionCitizenPriority","Citoyens"
"listConnectionImport","L'importation"
"listConnectionExport","	Exportation"
"titleOutsideConnectionPanel","Connexions extérieures"
"keyOpenOutsidePanel","Ouvrir Panneau de Connexion Extérieure"
"txtDetectedDistricts","Quartiers détectés"
"btnDistricts","Quartier"
"btnDistrict","Quartier"
"btnPark","Quartier"
"btnMap","Carte"
"txtNone","Aucun"
"txtVehiclesNone","Aucun"
"txtStatusNone","Aucun"
"GROUP_BUILDINGPANEL_DISTANCE_RESTRICTIONS","Restrictions de distance"
"sliderDistanceRestriction","Distance maximale des correspondances(km)"
"sliderDistanceRestrictionTooltip","0 = Utiliser le paramètre global, s'il y a ou non une restriction.\r\n1+ = Distance de correspondance maximale"
"titleDistrictPanel","Sélectionnez les quartiers"
"txtAllowedDistricts","Quartiers autorisés"
"txtBlockedDistricts","Quartiers bloqués"
"txtCurrentDistrict","Quartier actuel"
"txtCurrentPark","Quartier actuel"
"txtLoad","Chargement"
"GROUP_IMPROVED_SERVICES_MATCHING","Correspondance de service améliorée"
"tabMatches","Correspondance"
"titleTransferStatsPanel","Statistiques du gestionnaire de transfert"
"sliderOutsideCargoCapacity","Capacité de Marchandise"
"sliderOutsideResidentCapacity","Capacité Résident"
"sliderOutsideTouristFactor0","Facteur touristique 0"
"sliderOutsideTouristFactor1","Facteur touristique 1"
"sliderOutsideTouristFactor2","Facteur touristique 2"
"sliderOutsideDummyTrafficFactor","Facteur de trafic factice"
"btnOutsideReset","Réinitialiser"
"GROUP_OUTSIDE_SETTINGS","Paramètres des connexions extérieures"
"GROUP_BALANCED_MATCH_MODE","Mode de correspondance équilibré"
"dropdownBalancedTitle","Correspondance en premier si égal"
"dropdownBalancedModeIncomingFirst","Correspondant en premier (Vanilla)"
"dropdownBalancedModeLeastFirst","Faire correspondre les offres les moins importantes d'abord"
"dropdownBalancedModePassiveFirst","Correspondance passive en premier"
"txtBalancedMatch","Choisissez l'offre qui doit correspondre en premier lorsque les offres entrantes et sortantes ont la même priorité."
"GROUP_PATH_DISTANCE","Algorithme de distance de correspondance"
"optionPathDistanceServices","Utiliser la distance de cheminement pour les services"
"optionPathDistanceGoods","Utiliser la distance de cheminement pour les marchandises"
"dropdownPathDistanceAlgorithmServices","Algorithme de cheminement des services"
"dropdownPathDistanceAlgorithmGoods","Algorithme de cheminement des marchandises"
"dropdownPathDistanceLOS","A vol d'oiseau"
"dropdownPathDistanceConnectedLOS","A vol d'oiseau par route"
"dropdownPathDistance","Cheminement par route"
"txtPathDistance","Utiliser la distance du cheminement au lieu de la distance à vol d'oiseau. Cela donnera de meilleures correspondances là où votre réseau ou votre géographie est complexe, mais plus lent, donc veuillez vous assurer que votre ordinateur est assez rapide pour cette option."
"optionHighlightMatches","Surligner les correspondances"
"listBuildingPanelOffersPark","Parc"
"tabTransferRoadAccess","Pas d'accès à la route"
"btnResetRoadAccess","Réinitialiser l'accès à la route"
"tabGame","Jeu"
"btnDeleteVehicle","Supprimer le véhicule"
"btnDeleteIntercityLine","Supprimer la ligne interurbaine"
"tabMaintenance","Maintenance"
"GROUP_Maintenance","Maintenance"
"btnReleaseGhostVehicles","Libérer les véhicules fantômes"
"txtReleaseGhostVehicles","Recherchez les véhicules qui sont bloqués ou qui n'ont pas de position ou de statut valide et relâchez-les."
"btnReleaseBrokenPathing","Libérer le cheminement brisé"
"txtBrokenPathUnits","Trouver les unités de cheminement qui n'ont pas été publiées correctement mais qui ne sont pas utilisées et les libérer correctement."
"txtGhostVehiclesCount","Véhicules fantômes libérés"
"GROUP_MAINTENANCE_PATHING","Débogage du cheminement"
"dropdownConnectionGraph","Afficher le graphique de connexion des chemins"
"dropdownConnectionGraphNone","Aucun"
"dropdownConnectionGraphGoods","Marchandise"
"dropdownConnectionGraphPedestrianZoneServices","Services de zone piétonne"
"dropdownConnectionGraphOtherServices","Autres services"
"txtShowConnectionGraph","Cette option va colorier chaque noeud pour montrer s'ils sont connectés ou non selon l'algorithme du Gestionnaire de transfert. Les nœuds de la même couleur sont connectés, les nœuds de couleur différente ne le sont pas."
"tabBuildingPanelCapacity","Capacité"
"sliderTransferIssueDeadTimerValue","Seuil de minuterie de mort"
"sliderTransferIssueSickTimerValue","Seuil de minuterie malade"
"sliderTransferIssueGoodsTimerValue","Seuil de minuterie de marchandises"
"GROUP_SICK_COLLECTION","Transport de citoyens malades"
"txtOverrideSickHandler","The vanilla sick handler has very little in game consequences, citizens will occasionally be forced to move home and very rarely a building will become abandoned. This option overrides the vanilla sick handler with a custom handler where citizens will often die if no ambulance arrives in time."
"optionOverrideSickHandler","Override Sick Handler"
"txtSickSadNotification","Display sad notification when there are sick to be collected but no normal sick issues with the building."
"optionDisplaySickNotification","Display Sad Notification"
"optionSickHelicopterRate","Helicopter Request Rate"
"txtSickHelicopterRate","How often will the citizens request a helicopter instead of an ambulance."
"optionSickWalkRate","Walk Request Rate"
"txtSickWalkRate","How often are the citizens willing to walk to the hospital instead of getting an ambulance."
"GROUP_CRIME","Meurtre"
"txtToughOnCrime","Increase police presence in the city to reduce crime rates"
"optionPoliceToughOnCrime","Tough on crime"
"GROUP_BUILDINGPANEL_BUILDING_RESTRICTIONS","Restrictions de Bâtiment"
"btnBuildingRestrictions","Bâtiments..."
"btnBuildingRestrictionsSelected","Sélectionner un bâtiment "
"txtBuildingRestrictionsIncoming","Entrant"
"txtBuildingRestrictionsOutgoing","Sortant"
"txtBuildingRestrictionsAllBuildings","Tous les bâtiments"
"txtBuildingRestrictionsRestricted","Limité"
"txtAllowedBuildings","Bâtiments autorisés"
"btnClear","Effacer"
"reasonGoodsIn","Marchandises entrantes"
"reasonStudent1","Étudiants"
"reasonStudent2","Étudiants"
"reasonStudent3","Étudiants"
"reasonCrime","Meurtre"
"reasonCrimeMove","Déplacer des criminels"
"reasonGarbage","Déchets"
"reasonGarbageMove","Déplacement des déchets"
"reasonGarbageTransfer","Transfert des déchets"
"reasonDead","Collecter les Morts"
"reasonDeadMove","Déplacer les morts"
"reasonSick","Collecte des malades"
"reasonSickMove","Déplacement de malades"
"reasonFire","Feu"
"reasonFire2","Hélicoptère de feu"
"reasonForestFire","Feu de forêt"
"reasonMaterialOut","Matériaux sortants"
"reasonMail","Courrier"
"reasonMail2","Large Mail"
"reasonUnsortedMail","Courrier non trié"
"reasonSortedMail","Courrier trié"
"reasonParkMaintenance","Entretien des parcs"
"reasonRoadMaintenance","Entretien de la voirie"
"reasonTaxi","Taxi"
"reasonTaxiMove","Déplacement en taxi"
"reasonCollapsed","Camions"
"reasonCollapsed2","Hélicoptères"
"reasonRawMaterial","Matière première"
"reasonIncomingMaterial","Matériel entrant"
"reasonOutgoingMaterial","Matériel sortant"
"reasonWarehouse","Stockage"
"reasonGoods","Marchandise"
"reasonCash","Collecte de fonds"
"reasonFloodWater","Inondation"
"reasonSnow","Collecte de la neige"
"reasonSnowMove","Déplacer la neige"
"tooltipHighlightModeOff","Mode de surbrillance : Désactivé"
"tooltipHighlightModeMatches","Highlight Mode: Matches\r\n\r\nKey\r\nRed: Selected Building\r\nMagenta: Services\r\nCyan: Raw Materials\r\nBlue: Goods\r\nOrange: Mail\r\nYellow: Everything else"
"tooltipHighlightModeIssues","Mode Surbrillance : Problèmes\r\n\r\nClé\r\nRouge : Bâtiment sélectionné\r\nCyan : Priorité Basse\r\nBleu : Haute Priorité\r\nVert : Autres bâtiments de service pour ce type de problème"
"tooltipHighlightModeSettings","Highlight Mode: Settings\r\n\r\nKey\r\nRed: Building with settings."
"tooltipHighlightModeIssues2","Highlight Mode: Issues\r\n\r\nKey"
"GROUP_EXPORT_LIMITS","Limites de véhicule d'export"
"sliderExportVehicleLimit","Limite des véhicules d'exportation de bâtiment (%)"
"txtExportVehicleLimit","Si vos connexions extérieures sont en cours de fonctionnement, vous pouvez utiliser ce paramètre pour limiter le nombre de véhicules que chaque bâtiment peut allouer à l'exportation.\r\n0% = Pas d'exportation autorisée\r\n100% = Illimité"
"optionImprovedWarehouseTransfer","Amélioration du transfert entre entrepôts"
"GROUP_VISUALS","Visuels"
"optionEnablePanelTransparency","Activer la transparence du panneau (Redémarrage requis)"
"optionOverrideGenericIndustriesHandler","Remplacer le gestionnaire d'industries génériques"
"txtOverrideGenericIndustriesHandler","Le gestionnaire des industries génériques a tendance à demander beaucoup de matériel de manière très urgente, ce qui peut générer beaucoup de trafic de camions et accaparer le matériel disponible. Ce gestionnaire tente de corriger ces problèmes."
"GROUP_MAINTENANCE_LOGGING","Journalisation de l'ensemble de correspondance"
"dropdownLoggingReason","Motif du journal"
"txtMatchLogging","Cette option va écrire les fichiers journaux pour chaque jeu de correspondance selon le motif choisi. Avertissement : ceci produit une pénalité de performance significative, s'il vous plaît activer uniquement pour des fins d'évaluation."
"txtMatchLoggingPath","Chemin d'accès du fichier de journal: \r\n"
"optionShowBuildingId","Afficher le nom du bâtiment dans le titre"
"optionLogCitizenPathFailures","Log citizen path failures"
"txtLogCitizenPathFailureWarning","Avertissement : Cette option endommager généralement un large nombre de chemins et doit être utilisé que pour déboguer un problème de chemin d'un bâtiment."
"GROUP_PATH_FAIL_EXCLUSION","Cheminement brisé"
"txtPathFailExclusion","Détecter les échecs du cheminement et bloquer toute autre correspondance entre ces objets pendant un certain temps."
"optionPathFailExclusion","Exclusion du cheminement brisé"
"dropdownCandidates","Journal des demandes"
"dropdownAllCandidates","Toutes les demandes"
"dropdownValidCandidates","Demandes valables"
"dropdownExcludedCandidates","Demandes exclues"
"dropdownNoCandidates","Pas de demande"
"sliderPathDistanceHeuristic","Performance de l'algorithme"
"txtPathDistanceHeuristic","L'algorithme de distance de cheminement peut utiliser une méthode heuristique pour accélérer le calcul, mais cette méthode peut réduire la précision du choix de la correspondance la plus proche dans certaines situations."
"txtPathDistanceHeuristicKey","0% = Précisé (sans hémoristique), 100% = Rapide (Hueristique seulement)"
"txtPathDistanceShift","L'algorithme de distance du cheminement ajuste le temps de déplacement au dernier segment d'une connexion externe, dans l'algorithme, pour permettre d'appliquer les multiplicateurs de connexion extérieurs. En changeant cette valeur, vous pouvez ajuster la valeur de base sous-jacente qui est appliquée à ces segments."
"sliderPathDistanceShift","Multiplicateur de valeur de base (temps de voyage)"
"txtPathUnitCount","Unités de cheminement libérées"
"txtEnterBuildingId","Sélectionnez le Bâtiment ou entrez l'ID du Bâtiment"
"tooltipCopySettings","Copier les paramètres"
"tooltipPasteSettings","Coller les paramètres"
"tooltipClearSettings","Effacer les paramètres"
"GROUP_TAXI_MOVE","Utilisation de la station de taxis"
"txtTaxiMove","Cette option fait de la station de taxis le centre d'attente pour les taxis à la place du dépôt. Cela signifie que les taxis attendent maintenant en station près d'un aéroport ou d'un quartier touristique très fréquenté plutôt que d'être cachés dans un dépôt de taxi."
"optionTaxiMove","Améliorer l'utilisation des stations de taxi"
"sliderTaxiStandDelay","Temporisation de l'attente en station"
"txtTaxiStandDelay","Ajouter un temps d'attente avant qu'un taxi en attente en station ne fasse une offre de course. Cela empêche les taxis d'arriver constamment à une station de taxi, puis de repartir immédiatement."
"tabAdvanced","Advanced"
"GROUP_PATCHES","Patches"
"txtAdvancedDescription","These patches are designed to fix issues in the vanilla game code that effect transfers. It is recommended to have them enabled unless troubleshooting an issue you are having."
"optionFixFindHospital","Patch ResidentAI.FindHospital (Requires restart)."
"txtFindHospital","There is a bad vanilla bug in ResidentAI.FindHospital that breaks sick, eldercare and childcare services."
"GROUP_VEHICLE_PATCHES","Vehicle Patches"
"optionFixCargoTrucksDisappearingOutsideConnections","Fix cargo trucks spawning at outside connections then disappearing."
"optionFixBankVansStuckCargoStations","Fix bank vans getting stuck at cargo stations."
"optionFixPostVansStuckCargoStations","Fix post vans getting stuck at cargo stations."
"optionFixTransportStationNullReferenceException","Fix transport station null reference exception."
"optionFixPostTruckCollectingMail","Fix post trucks collecting mail after visiting a service point."
"GROUP_INTERCITY_STOPS","Arrêts interurbains"
"optionResetStopMaxWaitTimeWhenNoPasengers","Reset stop max wait time when no passengers waiting at stop."
"checkForceIntercityStopSpawnAtMaxCount","Force spawn when waiting count exceeds max capacity"
"GROUP_DESPAWN_PATCHES","Despawn Patches"
"txtDespawnPatches","These patches will trigger a cargo vehicles arrival code just before they reach the edge of the map to significantly increase outside connection throughput."
"optionForceCargoTrainDespawnOutsideConnections","Force cargo trains to despawn at outside connections."
"optionForceCargoShipDespawnOutsideConnections","Force cargo ships to despawn at outside connections."
"optionForceCargoPlaneDespawnOutsideConnections","Force cargo planes to despawn at outside connections."
"GROUP_SPAWN_PATCHES","Spawn Patches"
"txtSpawnPatches","Vehicles at Outside Connections need to wait for space to spawn. If the outside connection is busy enough, this will eventually lead to the connection failing as the spawn rate is slower than the production rate. These patches remove the space requirement so that vehicles can continue to spawn."
"optionForceCargoShipSpawn","Force cargo ships to spawn at outside connections."
"optionForceCargoPlaneSpawn","Force cargo planes to spawn at outside connections."
"optionForcePassengerShipSpawn","Force passenger ships to spawn at outside connections."
"optionForcePassengerPlaneSpawn","Force passenger planes to spawn at outside connections."
"txtSpawnPatchesAirportGate","Vehicles at airport DLC gates need to wait for space to spawn. If you place airport gates near each other the code will stop aircraft from spawning even though the planes current gate is empty. This patch changes the space check to just the current gate and excludes surrounding gates."
"optionForceAirportGateToSpawn","Force passenger planes to spawn at airport DLC gates."
"GROUP_WAREHOUSE_PATCHES","Warehouse Patches"
"optionRemoveEmptyWarehouseLimit","Remove Empty mode warehouse capacity limitation (Requires restart)."
"optionFixFishWarehouses","Fix fish warehouses spawning fishing boats."
"GROUP_CARGO_WAREHOUSE_PATCHES","Cargo Warehouse Patches"
"optionFixCargoWarehouseExcludeFlag","Fix cargo warehouse offer missing exclude flag (Requires restart)."
"optionFixCargoWarehouseOfferRatio","Fix cargo warehouse offer ratio for more even usage."
"optionFixCargoWarehouseAccessSegment","Fix cargo warehouse pathing issues (incorrect access segment)."
"optionFixCargoWarehouseUnspawn","Fix cargo warehouse pathing issues (incorrect unspawn point)."
"GROUP_UNLIMITED","Unlimited Offer Amounts"
"txtApplyUnlimited","In a recent Cities Sylines update Colossal Order introduced an Unlimited flag to offers, usually for outside connections. This flag allows the offer to match any amount, enable this option to have this Transfer Manager apply this flag as well."
"txtApplyUnlimitedWarning","Warning: This option can produce a large amount of traffic when say a new warehouse is matched with an outside connection."
"optionApplyUnlimited","Apply Unlimited Offer Flag"
"txtAdditionalDistricts","Additional Districts"
"GROUP_OVEREDUCATED_WORKERS","Overeducated Workers"
"txtEmployOvereducatedWorkers","When this option is enabled, workers will occasionally apply for lower level jobs."
"optionEmployOverEducatedWorkers","Employ Overeducated Workers"
"GROUP_SICK_GENERATE","Sick Citizen Generatation"
"txtRandomSick","To increase hospital usage you can randomly make a citizen sick."
"txtRandomSickRate","Random Sick Rate"
"txtRandomSickRateScale","0 = OFF, 100 = Very High, 10000 = Very Low"
"sliderMainBuildingMaxMail","Main Building Max Mail"
"txtMainBuildingMaxMail","Main buildings collect all the mail for their areas. They have been created with a very low buffer limit of 2000, which results in constant demand for post vans to deliver mail. This option allows increasing their mail buffers so they will demand post vans less often."
"optionMainBuildingPostTruck","Use Post Trucks for Main Area Buildings"
"txtMainBuildingPostTruck","Les camions postaux sont utilisés pour collecter le courrier des bâtiments de service parce qu'ils sont moins utilisés et ont une plus grande capacité. Cette option leur fera également collecté le courrier des bâtiments principaux."
"GROUP_FIRETRUCK","Fire Truck"
"txtFiretruckExtinguishTrees","This option will make fire trucks extinguish nearby trees when putting out house fires."
"optionFiretruckExtinguishTrees","Fire Trucks Extinguish Trees"
"txtGlobalDistanceRestriction","Global Distance Restriction (km)"
"txtStatusHideVehicleReason","On the status tab of the building panel, hide the vehicles transfer reason when in a group. This option makes it easier to see what is happening on short lists but can be confusing on larger lists."
"optionStatusHideVehicleReason","Status Tab: Hide Vehicle Transfer Reason In Group"
"buttonResetPanelPosition","Reset Panel Position"
"columnPathFailureCount","Failure Count"
"columnId","Building ID"
"columnRestriction","Restrictions"
"issueGarbage","Garbage"
"issueIncoming","Incoming"
"issueOutgoing","Outgoing"
"issueNoServices","No Services"
"issueNoWorkers","No Workers"
"titleSettingsPanel","Building Settings"
"GROUP_SETTINGS_PANEL","Settings Panel"
"keyOpenSettingsPanel","Open Settings Panel"
"columnLocation","Location"
"pathingLocal","Local"
"tabPanels","Panels"
"txtCandidates","Candidates"
"txtBuildings","Buildings..."
"txtSelectBuildings","Select Buildings"
"txtSelectStartBuilding","Select Start Building"
"txtAlgorithm","Algorithm"
"txtDirection","Direction"
"txtForward","Forward"
"txtBackward","Backward"
"GROUP_PATH_DISTANCE_PANEL","Path Distance Panel"
"keyOpenPathDistancePanel","Open Path Distance Panel"
"txtPathDistanceCargoStationDelay","This option adjusts the travel time for the cargo station segment, within the algorithm, to take into account the transition between cargo vehicles."
"sliderCargoStationDelay","Cargo Station Delay"
"optionAddUnifiedUIbutton","Add Unified UI button"
"txtLocalVehicles","Local Vehicles"
"txtExternalVehicles","Outside Connection Vehicles"
"txtReturningVehicles","Returning to Facility"
"optionShowAllDistricts","Show All Districts"
"TransportTypePlane","Plane"
"TransportTypeShip","Ship"
"TransportTypeTrain","Train"
"TransportTypeRoad","Road"
"txtClearExtendedReasons","Effacer les raisons étendues pour autoriser à désactiver ce mod pour la sauvegarde."
"btnClearExtendedReasons","Clear Extended Reasons"
"txtTransferManagerTabDescription","The following settings are saved to the game file and are not modifiable unless in game."
"BuildingPanelNext","Select Next Building"
"BuildingPanelPrev","Select Previous Building"
"txtTaxiStand","Taxi Stand"
"txtVehicleDummyTraffic","Dummy Traffic"
"GROUP_AUTOFILL","Autofill"
"txtAutofillDescription","Fill importing cargo vehicles with additional cargo to sell. Any unsold cargo will be refunded upon arrival."
"optionAutofill","Autofill Importing Cargo Vehicles"
"btnResetIntercityStops","Reset Intercity Stops"
"btnClearIntercityStops","Clear Intercity Stops"
"reason_Garbage","Garbage"
"reason_Crime","Crime"
"reason_Sick","Sick"
"reason_Dead","Dead"
"reason_Worker0","Worker0"
"reason_Worker1","Worker1"
"reason_Worker2","Worker2"
"reason_Worker3","Worker3"
"reason_StudentES","StudentES"
"reason_StudentHS","StudentHS"
"reason_StudentUni","StudentUni"
"reason_Fire","Fire"
"reason_Bus","Bus"
"reason_Oil","Oil"
"reason_Ore","Ore"
"reason_ForestProducts","ForestProducts"
"reason_Crops","Crops"
"reason_Goods","Goods"
"reason_PassengerTrain","PassengerTrain"
"reason_Coal","Coal"
"reason_Family0","Family0"
"reason_Family1","Family1"
"reason_Family2","Family2"
"reason_Family3","Family3"
"reason_Single0","Single0"
"reason_Single1","Single1"
"reason_Single2","Single2"
"reason_Single3","Single3"
"reason_PartnerYoung","PartnerYoung"
"reason_PartnerAdult","PartnerAdult"
"reason_Shopping","Shopping"
"reason_Petrol","Petrol"
"reason_Food","Food"
"reason_LeaveCity0","LeaveCity0"
"reason_LeaveCity1","LeaveCity1"
"reason_LeaveCity2","LeaveCity2"
"reason_Entertainment","Entertainment"
"reason_Lumber","Lumber"
"reason_GarbageMove","GarbageMove"
"reason_MetroTrain","MetroTrain"
"reason_PassengerPlane","PassengerPlane"
"reason_PassengerShip","PassengerShip"
"reason_DeadMove","DeadMove"
"reason_DummyCar","DummyCar"
"reason_DummyTrain","DummyTrain"
"reason_DummyShip","DummyShip"
"reason_DummyPlane","DummyPlane"
"reason_Single0B","Single0B"
"reason_Single1B","Single1B"
"reason_Single2B","Single2B"
"reason_Single3B","Single3B"
"reason_ShoppingB","ShoppingB"
"reason_ShoppingC","ShoppingC"
"reason_ShoppingD","ShoppingD"
"reason_ShoppingE","ShoppingE"
"reason_ShoppingF","ShoppingF"
"reason_ShoppingG","ShoppingG"
"reason_ShoppingH","ShoppingH"
"reason_EntertainmentB","EntertainmentB"
"reason_EntertainmentC","EntertainmentC"
"reason_EntertainmentD","EntertainmentD"
"reason_Taxi","Taxi"
"reason_CriminalMove","CriminalMove"
"reason_Tram","Tram"
"reason_Snow","Snow"
"reason_SnowMove","SnowMove"
"reason_RoadMaintenance","RoadMaintenance"
"reason_SickMove","SickMove"
"reason_ForestFire","ForestFire"
"reason_Collapsed","Collapsed"
"reason_Collapsed2","Collapsed2"
"reason_Fire2","Fire2"
"reason_Sick2","Sick2"
"reason_FloodWater","FloodWater"
"reason_EvacuateA","EvacuateA"
"reason_EvacuateB","EvacuateB"
"reason_EvacuateC","EvacuateC"
"reason_EvacuateD","EvacuateD"
"reason_EvacuateVipA","EvacuateVipA"
"reason_EvacuateVipB","EvacuateVipB"
"reason_EvacuateVipC","EvacuateVipC"
"reason_EvacuateVipD","EvacuateVipD"
"reason_Ferry","Ferry"
"reason_CableCar","CableCar"
"reason_Blimp","Blimp"
"reason_Monorail","Monorail"
"reason_TouristBus","TouristBus"
"reason_ParkMaintenance","ParkMaintenance"
"reason_TouristA","TouristA"
"reason_TouristB","TouristB"
"reason_TouristC","TouristC"
"reason_TouristD","TouristD"
"reason_Mail","Mail"
"reason_UnsortedMail","UnsortedMail"
"reason_SortedMail","SortedMail"
"reason_OutgoingMail","OutgoingMail"
"reason_IncomingMail","IncomingMail"
"reason_AnimalProducts","AnimalProducts"
"reason_Flours","Flours"
"reason_Paper","Paper"
"reason_PlanedTimber","PlanedTimber"
"reason_Petroleum","Petroleum"
"reason_Plastics","Plastics"
"reason_Glass","Glass"
"reason_Metals","Metals"
"reason_LuxuryProducts","LuxuryProducts"
"reason_GarbageTransfer","GarbageTransfer"
"reason_PassengerHelicopter","PassengerHelicopter"
"reason_Fish","Fish"
"reason_Trolleybus","Trolleybus"
"reason_ElderCare","ElderCare"
"reason_ChildCare","ChildCare"
"reason_IntercityBus","IntercityBus"
"reason_BiofuelBus","BiofuelBus"
"reason_Cash","Cash"
"reason_TaxiMove","TaxiMove"
"reason_Mail2","Mail2"
"reason_BusinessA","BusinessA"
"reason_BusinessB","BusinessB"
"reason_BusinessC","BusinessC"
"reason_BusinessD","BusinessD"
"reason_NatureA","NatureA"
"reason_NatureB","NatureB"
"reason_NatureC","NatureC"
"reason_NatureD","NatureD"
"reason_Crime2","Crime2"
"reason_PoliceVanCriminalMove","PoliceVanCriminalMove"
"reason_CriminalPickup2","CriminalPickup2"
"reason_CriminalMove2","CriminalMove2"
"reason_None","None"
"issue_Sick","Sick"
"issue_Dead","Dead"
"issue_Crime","Crime"
"issue_Garbage","Garbage"
"issue_Incoming","Incoming"
"issue_Outgoing","Outgoing"
"issue_Worker","Worker"
"issue_Services","Services"
"issue_Mail","Mail"
"issue_Fire","Fire"
"stats_AverageDistance","Average Distance"
"stats_AverageMatchJobTime","Average Match Job Time"
"stats_AveragePathDistanceMatchJobTime","Average Path Distance Match Job Time"
"stats_AvgDist","Avg Dist."
"stats_BuildingCount","Building Count"
"stats_BuildingPanel","Building Panel"
"stats_Cache","Cache"
"stats_CitizenCount","Citizen Count"
"stats_CitizenInstanceCount","CitizenInstance Count"
"stats_CitizenUnitCount","CitizenUnit Count"
"stats_CurrentJobQueueDepth","Current Job Queue Depth"
"stats_CurrentOutsidePathFailCount","Current Outside Path Fail Count"
"stats_CurrentPathFailCount","Current Path Fail Count"
"stats_CurrentTransferResultQueueDepth","Current Transfer Result Queue Depth"
"stats_CycleCalculationTime","Cycle Calculation Time"
"stats_CycleMatchJobCount","Cycle Match Job Count"
"stats_CycleNumber","Cycle Number"
"stats_CycleSimulationTime","Cycle Simulation Time"
"stats_Description","Description"
"stats_DroppedReasonCount","Dropped Reason Count"
"stats_Gameresources","Game resources"
"stats_General","General"
"stats_GraphAverageTime","Graph Average Time"
"stats_GraphGenerationCount","Graph Generation Count"
"stats_INAmount","IN Amount"
"stats_InvalidBuildingObjects","Invalid Building Objects"
"stats_InvalidCitizenObjects","Invalid Citizen Objects"
"stats_InvalidVehicleObjects","Invalid Vehicle Objects"
"stats_IssueDetector","Issue Detector"
"stats_JobAvg","Job Avg"
"stats_JobLast","Job Last"
"stats_JobMax","Job Max"
"stats_JobQueue","Job Queue"
"stats_JobStatistics","Job Statistics"
"stats_LargestMatchJob","Largest Match Job"
"stats_LatestMatchCycle","Latest Match Cycle"
"stats_LongestMatchJobTime","Longest Match Job Time"
"stats_MatchAmount","Match Amount"
"stats_MatchTotals","Match Totals"
"stats_MatchesSecond","Matches / Second"
"stats_Material","Material"
"stats_MaxJobPoolUsage","Max Job Pool Usage"
"stats_MaxJobQueueDepth","Max Job Queue Depth"
"stats_MaxRunningThreads","Max Running Threads"
"stats_MaxTransferResultQueueDepth","Max Transfer Result Queue Depth"
"stats_NoRoadAccessFailCount","No Road Access Fail Count"
"stats_NodeCount","Node Count"
"stats_OUTAmount","OUT Amount"
"stats_Outside","Outside"
"stats_PathConnectionAverageTime","Path Connection Average Time"
"stats_PathConnectionGenerationCount","Path Connection Generation Count"
"stats_PathUnits","Path Units"
"stats_Pathing","Pathing"
"stats_ResultQueue","Result Queue"
"stats_RunningThreads","Running Threads"
"stats_SegmentCount","Segment Count"
"stats_Simulation","Simulation"
"stats_StepAverage","Step Average"
"stats_StepLast","Step Last "
"stats_StepPeak","Step Peak"
"stats_ThreadCount","Thread Count"
"stats_Threads","Threads"
"stats_TotalCitizenPathFailCount","Total Citizen Path Fail Count"
"stats_TotalMatchJobs","Total Match Jobs"
"stats_TotalMatchTime","Total Match Time"
"stats_TotalMatches","Total Matches"
"stats_TotalPathDistanceMatchJobs","Total Path Distance Match Jobs"
"stats_TotalVehiclePathFailCount","Total Vehicle Path Fail Count"
"stats_UpdateAverage","Update Average"
"stats_UpdateCount","Update Count"
"stats_UpdateLast","Update Last"
"stats_UpdatePeak","Update Peak"
"stats_Value","Value"
"stats_VehicleCount","Vehicle Count"
"col_distance","d"
"col_distance_km","Distance (km)"
"col_pathfail_tip","Path fail count"
"col_priority","P"
"col_priority_tip","In priority / Out priority"
"col_transferdistance","Transfer distance"
"status_Attractiveness","Attractiveness"
"status_Business","Business"
"status_CableCarStop","CableCar Stop"
"status_CitizenInstances","Citizen Instances"
"status_Citizens","Citizens"
"status_EvacuationStop","Evacuation Stop"
"status_Export","Export"
"status_Guests","Guests"
"status_Import","L'importation"
"status_IntercityStop","Intercity Stop"
"status_LandValue","Land Value"
"status_Total","Total"
"status_Visitors","Visitors"
"status_Workers","Workers"
"status_group_general","General"
"status_group_incoming","Incoming"
"status_group_outgoing","Outgoing"
"status_group_services","Services"
"vehstate_Congestion","Congestion"
"vehstate_Loading","Loading"
"vehstate_LoadingPhase2","Loading (Phase 2)"
"vehstate_WaitingCargo","Waiting cargo"
"vehstate_WaitingSpace","Waiting space"
"col_buildings","Buildings"
"col_warehouses","Warehouses"
"priority_plane","Plane Priority"
"priority_road","Road Priority"
"priority_ship","Ship Priority"
"priority_train","Train Priority"
"btn_Calculate","Calculate"
"btn_CheckUncheckAll","Check / Uncheck All"
"label_CalculationTime","Calculation Time"
"label_ChosenCandidate","Chosen Candidate"
"label_NodesExamined","Nodes Examined"
"label_Time","Time"
"label_TravelTime","Travel Time"
"tip_Criminals","# of criminals"
"tip_PercentBusiestConnection","% of busiest connection"
"tip_ActivateSelectionTool","Activate Selection Tool"
"tip_ActiveOrPassiveForThisMatch","Active or Passive for this match"
"tip_AmountExported","Amount Exported"
"tip_AmountImported","Amount Imported"
"tip_AttractivenessScoreOfHotel","Attractiveness score of hotel"
"tip_AverageJobTimeMs","Average Job Time (ms)"
"tip_AverageMatchDistanceKm","Average Match Distance (km)"
"tip_BuildingWithRoadAccessIssues","Building with road access issues"
"tip_CitizensInBuildingTotalCitizensAllocatedToBuilding","Citizens in building | Total citizens allocated to building"
"tip_CurrentVisitorsTotalVisitorPlaces","Current Visitors / Total Visitor Places"
"tip_CurrentWorkersTotalWorkPlaces","Current Workers / Total Work Places"
"tip_CurrentValue","Current value"
"tip_CustomersTotalPlaces","Customers / Total Places"
"tip_GuestVehicles","Guest Vehicles"
"tip_GuestsMaxGuests","Guests / Max Guests"
"tip_HighlightMatches","Highlight Matches"
"tip_IntensityDamage","Intensity | Damage"
"tip_LastJobTimeMs","Last Job Time (ms)"
"tip_MatchCargoPriority","Match Cargo Priority"
"tip_MatchCitizenPriority","Match Citizen Priority"
"tip_MatchDescription","Match description"
"tip_Material","Material"
"tip_MaxJobTimeMs","Max Job Time (ms)"
"tip_Name","Name"
"tip_OfferPark","Offer Park #"
"tip_OfferDescription","Offer description"
"tip_OpenTransferManagerCe","Open Transfer Manager CE"
"tip_OwnVehicles","Own Vehicles"
"tip_PercentOfCashCapacity","Percent of Cash Capacity"
"tip_ReasonForTransferRequest","Reason for transfer request"
"tip_ResetPathingForThisBuilding","Reset pathing for this building."
"tip_Responder","Responder"
"tip_Show","Show"
"tip_ShowIssuesPanel","Show Issues Panel"
"tip_ShowOutsideConnectionsPanel","Show Outside Connections Panel"
"tip_ShowStatisticsPanel","Show Statistics Panel"
"tip_ShowListOfBuildingsWithTmceSettings","Show list of buildings with TMCE settings"
"tip_SourceVehicle","Source / véhicule"
"tip_SourceCitizenInstancesTargetCitizenInstances","Source citizen instances | Target citizen instances"
"tip_SourceForIssue","Source for issue"
"tip_SourceLocationForPath","Source location for path"
"tip_StuckVehicles","Stuck Vehicles"
"tip_Target","Target"
"tip_TargetDestinationForPath","Target destination for path"
"tip_TargetForIssue","Target for issue"
"tip_TimeOfMatch","Time of match"
"tip_TransferDirection","Transfer Direction"
"tip_TransferOfferAmount","Transfer Offer Amount"
"tip_TransferMatchAmount","Transfer match amount"
"tip_TransferOfferActivePassive","Transfer offer Active/Passive"
"tip_TransferOfferPriority","Transfer offer priority"
"tip_Type","Type"
"tip_TypeOfMaterial","Type of material"
"tip_Vehicle","Vehicle"
"tip_VehicleLoad","Vehicle Load"
"tip_VehicleOnRoute","Vehicle on route"
"tip_WaitBlocked","W = Waiting\r\nB = Blocked"
"tip_RestrictionReasons","Restriction Reasons:"
"tip_AllowedBuildings","Allowed Buildings:"
"tip_PathDistanceTool","Path Distance Tool: "
"tip_Object","Object"
"tip_Priority","Priority"
"tip_Amount","Amount"
"tip_Active","Dispatch"
"tip_Time","Time"
"tip_Park","Park"
"tip_Distance","Distance"
"tip_In","In"
"tip_Out","Out"
"tip_ActiveValue","Active"
"tip_PassiveValue","Passive"
"inout_In","In"
"inout_Out","Out"
"disp_Active","Active"
"disp_Passive","Passive"
