"Context","Source/Translation"
"CODE","it"
"NAME","Italiano"
"TMCE_NAM","Gestore Trasferimenti"
"tabTransferManager","Gestore Trasferimenti"
"tabGeneral","Generale"
"tabWarehouses","Consegna Merci"
"tabServices","Servizi"
"DEBUGPROFILE","Gestore Trasferimenti Personalizzati"
"optionEnableNewTransferManager","Abilitare Gestione Trasferimenti Personalizzati"
"GROUP_SERVICE_OPTIONS","Opzioni di Servizio"
"GROUP_SERVICE_DISTRICT_OPTIONS","Opzioni di Distretto"
"optionPreferLocalService","Preferire i servizi distrettuali locali"
"optionPreferLocalService_txt","Migliorare ulteriormente la localizzazione dei servizi facendo corrispondere le richieste a bassa priorità solo con edifici di servizio all'interno dello stesso distretto (o al di fuori di qualsiasi distretto). Una volta che una richiesta non soddisfatta diventa ad alta priorità, sarà servita da qualsiasi servizio offerto nelle vicinanze. Interessa: rifiuti, polizia, assistenza sanitaria, manutenzione, posta, taxi."
"txtPreferLocalService","Limitare i servizi ai distretti locali facendo corrispondere le richieste a bassa priorità solo con edifici di servizio all'interno dello stesso distretto. Una volta che una richiesta non soddisfatta diventa ad alta priorità, potrà essere servita da qualsiasi offerta di servizio vicina."
"txtPreferLocalServiceWarning","Attenzione: Si tratta di un'opzione molto potente; prima di attivarla, assicurarsi di aver definito i distretti per ciascuna area e di avere i servizi disponibili all'interno di questi distretti."
"GROUP_WAREHOUSE_OPTIONS","Opzioni di Magazzino"
"optionWarehouseFirst","Abbinare Prima le Offerte di Magazzino"
"optionWarehouseFirst_txt","Questa opzione consente di abbinare le offerte di magazzino in entrata fin dalle prime fasi del processo di abbinamento, in modo che la maggior parte dei trasferimenti di merci avvenga attraverso i magazzini."
"txtWarehouseSmartImportExport","This option will apply smarter importing/exporting rules to Balanced mode warehouses, they will now only be able to import up to 1/3rd full and export when fuller than 2/3rds."
"optionWarehouseSmartImportExport","Smarter Warehouse Import / Export"
"txtImprovedWarehouseMatching","Le offerte del magazzino base sono limitate alla priorità 2, ma questa opzione permette di scalare fino alla priorità 7."
"optionImprovedWarehouseMatching","Migliorare Trasferimenti del Magazzino"
"txtNewInterWarehouseMatching","Questa opzione consente di effettuare i trasferimenti tra magazzini con priorità più basse, ma controlla i livelli di stoccaggio per garantire che i magazzini non inviino merci avanti e indietro senza alcun beneficio."
"optionNewWarehouseTransfer","Migliorare Trasferimento tra i Magazzini"
"optionWarehouseReserveTrucks","Riserva di autocarri da carico del magazzino per i trasferimenti locali"
"optionWarehouseReserveTrucks_txt","Si raccomanda di attivarlo con Magazzino Prima: riserva una percentuale della capacità dei camion del magazzino per soddisfare la domanda della città, evitando che tutti i camion vengano utilizzati per l'esportazione."
"txtNewWarehouseReserveTrucks","Questa opzione riduce la priorità dell'offerta FUORI quando il numero di camion rimanenti è inferiore a questa percentuale. Ciò ha l'effetto di riservare la capacità del camion per soddisfare la domanda locale ad alta priorità."
"GROUP_CARGO_WAREHOUSE_OPTIONS","Cargo Warehouse Options"
"txtImprovedCargoWarehouseMatching","This option will apply rules to the cargo warehouse matches to ensure the train line is used between cargo warehouses and outside connections."
"optionImprovedCargoWarehouseMatching","Improved Cargo Warehouse Transfers"
"GROUP_FACTORY_OPTIONS","Opzioni Fabbrica"
"optionFactoryFirst","Abbinare Prima le Offerte di Fabbrica"
"optionFactoryFirstText","Questa opzione consente di abbinare le offerte di fabbrica in arrivo nelle prime fasi del processo di abbinamento, per garantire che le fabbriche siano abbinate all'offerta disponibile più vicina, per una migliore operatività."
"GROUP_EXPORTIMPORT_OPTIONS","Opzioni Connessione Esterna"
"OutsidePriorityDescription","These priorities will be applied in the matching process to make the outside connections more or less likely to be matched."
"txtCargoPriority","Cargo Priority"
"txtCitizenPriority","Citizen Priority"
"GROUP_EXPERIMENTAL_DEATHCARE","Cura della Morte/Rifiuti"
"optionDeathcareExperimental","Migliorare Trasferimento Cura della Morte"
"optionGarbageExperimental","Migliorare Trasferimento Rifiuti"
"optionPoliceExperimental","Migliorare Trasferimento Polizia"
"optionImprovedMailTransfers","Migliorare Trasferimento Poste"
"txtDeathcareExperimental","Per impostazione predefinita, i cimiteri, la nettezza urbana e le stazioni di polizia inviano un'offerta di trasferimento per un veicolo alla volta. Questa opzione modifica l'offerta in base al numero di veicoli disponibili, migliorando così la corrispondenza.\r\nOra aumenta anche la priorità dell'offerta quando meno di 1/2 dei veicoli sono in uso."
"GROUP_TRANSFERISSUE_PANEL","Pannello Problemi di Trasferimento"
"keyOpenTransferIssuePanel","Apri Pannello Problemi di Trasferimento"
"optionShowIssuesWithVehiclesOnRoute","Mostra i problemi con i veicoli sul percorso"
"sliderTransferIssueDeleteResolvedDelay","Eliminare il ritardo risolto"
"GROUP_STATISTICS_PANEL","Pannello Statistiche"
"keyOpenStatisticsPanel","Apri Pannello Statistiche"
"StatisticsPanelEnabled","Abilita Statistiche"
"btnResetTransferManagerSettings","Resetta Impostazioni di Transfer Manager"
"btnResetPathingStatistics","Resetta Percorso"
"buttonResetTransferStatistics","Resetta Statistiche Trasferimento"
"tabBuildingPanelSettings","Impostazioni"
"GROUP_BUILDINGPANEL_SERVICES","Opzioni di Servizio"
"GROUP_BUILDINGPANEL_OUTSIDE_CONNECTIONS","Connessioni Esterne"
"dropdownBuildingPanelImportExport","Importazione/Esportazione"
"GROUP_BUILDINGPANEL_OUTSIDE_PRIORITY","Outside Connection Priority"
"txtOutsideConnectionCurrentCargoPriority","Current Cargo Priority"
"txtOutsideConnectionCurrentCitizenPriority","Current Citizen Priority"
"GROUP_BUILDINGPANEL_GOODS_DELIVERY","Opzioni Consegna Merci"
"chkBuildingPanelReserveWarehouseTrucks","Riserva di autocarri da carico del magazzino per i trasferimenti locali"
"tabBuildingPanelStatus","Stato"
"tabBuildingPanelStops","Stops"
"tabBuildingPanelTransfers","Trasferimenti"
"listBuildingPanelStatusColumn1","Materiale"
"listBuildingPanelStatusColumn2","Valore"
"listBuildingPanelStatusColumn3","Risponditore"
"listBuildingPanelStatusColumn4","Veicolo"
"listBuildingPanelStatusColumn5","Cronometro"
"listBuildingPanelStopsSourceVehicle","Source / Vehicle"
"labelBuildingPanelOffers","Offerte Trasferimento"
"labelBuildingPanelMatchOffers","Corrispondenze"
"listBuildingPanelOffersColumn1","Entrate/Uscite"
"listBuildingPanelOffersColumn2","Materiale"
"listBuildingPanelOffersColumn3","Priorità"
"listBuildingPanelOffersColumn4","Attivo"
"listBuildingPanelOffersColumn5","Quantità"
"listBuildingPanelOffersColumn6","Descrizione"
"listBuildingPanelMatchesColumn1","Tempo"
"listBuildingPanelMatchesColumn2","Materiale"
"listBuildingPanelMatchesColumn3","Attivo"
"listBuildingPanelMatchesColumn4","Quantità"
"listBuildingPanelMatchesColumn5","Δ"
"listBuildingPanelMatchesColumn6","Descrizione"
"titleTransferIssuesPanel","Problemi di Trasferimento"
"tabTransferIssuesPathing","Percorso"
"tabTransferIssues","Issues"
"tabTransferIssuesDead","Morto"
"listPathingColumn1","Tempo"
"listPathingColumn2","Origine"
"listPathingColumn3","Destinazione"
"txtIssue","Issue"
"listDeadColumn1","Morto"
"listDeadColumn2","Cronometro"
"listDeadColumn3","Origine"
"listDeadColumn4","Destinazione"
"listDeadColumn5","Veicolo"
"tabTransferIssuesSick","Malato"
"listSickColumn1","Malato"
"listBuildingPanelVehicleTarget","Destinazione"
"dropdownBuildingPanelPreferLocalLabel","Restrizioni di Distretto"
"dropdownBuildingPanelPreferLocal1","Tutti i Distretti"
"dropdownBuildingPanelPreferLocal2","Preferenza Entro il Distretto"
"dropdownBuildingPanelPreferLocal3","Solo Entro il Distretto"
"dropdownBuildingPanelPreferLocal4","Tutti i Distretti, Tranne Per"
"tabTransferIssuesOutside","Esterno"
"GROUP_BUILDING_PANEL","Pannello Edificio"
"keyOpenBuildingPanel","Apri Pannello Edificio"
"GROUP_LOCALISATION","Localizzazione"
"dropdownLocalization","Lingua"
"tabBuildingPanelVehicles","Veicoli"
"txtBuildingPanelTransferManagerWarning","Attenzione: Queste impostazioni richiedono l'attivazione di Custom Transfer Manager."
"tabTransferIssuesGoods","Merci In Entrata"
"tabTransferIssuesGoodsOut","Merci In Uscita"
"chkShowIssuesWithVehicles","Mostra i problemi con i veicoli sul percorso"
"GROUP_BUILDINGPANEL_DISTRICT","Restrizioni di Distretto"
"dropdownBuildingPanelOutgoingPreferLocalLabel","In uscita"
"dropdownBuildingPanelIncomingPreferLocalLabel","In arrivo"
"chkAllowImport","Permetti Importazione"
"chkAllowExport","Permetti Esportazione"
"GROUP_BUILDINGPANEL_APPLYTOALL","Applica Agli Edifici di Tipo"
"txtApplyToBuilding","Apply To Buildings"
"tabExperimental","Sperimentale"
"chkDistrictAllowServices","Permetti Servizi (Rifiuti, Pompieri, Polizia...)"
"GROUP_DISTANCE_LIMITS","Limiti di Distanza"
"tabDistanceRestrictions","Distanza"
"sliderDeathcareDistanceLimits","Limite di distanza Cura della Morte (km)"
"sliderHealthcareDistanceLimits","Limite di distanza Sanitaria (km)"
"sliderGarbageDistanceLimits","Limite di distanza Rifiuti (km)"
"sliderPoliceDistanceLimits","Limite di distanza Polizia (km)"
"sliderFireDistanceLimits","Limite di distanza Pompieri (km)"
"sliderMailDistanceLimits","Limite di distanza Posta (km)"
"txtDistanceLimits","Maximum allowed matching distance, 0 = Unlimited.\r\nImports/Exports are not affected."
"tabVehicleAI","IA Veicolo"
"GROUP_VEHICLE_AI","Abilita/Disabilita IA Veicolo"
"txtVehicleAIDescription","L'IA Veicolo migliora i veicoli per cercare problemi vicini da risolvere."
"optionFireTruckAI","Camion dei Pompieri"
"optionFireCopterAI","Elicottero Antincendio"
"optionPostVanAI","Post Van"
"optionGarbageTruckAI","Camion dei Rifiuti"
"optionPoliceCarAI","Macchina della Polizia"
"optionPoliceCopterAI","Elicottero Polizia"
"optionCargoTruckAI","Cargo Truck"
"tabImportExport","Importazione/Esportazione"
"GROUP_IMPORT_RESTRICTIONS","Permetti Importazione"
"txtImportRestrictions","Si prega di assicurarsi di avere una produzione interna sufficiente prima di disabilitare queste risorse."
"sliderWarehouseReservePercent","Riserva Camion Per Consegna Locale (%)"
"sliderWarehouseReservePercentLocal","Riserva Camion (%)"
"GROUP_DUMMY_TRAFFIC","Traffico Fittizio"
"optionDummyTraffic","Disabilita Traffico Fittizio"
"txtDummyTraffic","Il gioco aggiunge traffico fittizio per rendere la città più viva. Questa opzione blocca i trasferimenti di traffico fittizio per ridurre il traffico all'interno della città."
"optionWarehouseOverride","Sovrascrivi Impostazioni Globali"
"GROUP_OUTSIDE_CONNECTIONS_PANEL","Pannello Connessioni Esterne"
"listConnectionName","Nome"
"listConnectionType","Tipo"
"listConnectionInOut","In / Out"
"listConnectionUsage","Usage"
"listConnectionGuest","Veicoli Ospite"
"listConnectionOwn","Veicoli Propri"
"listConnectionStuck","Bloccato"
"listConnectionCargoPriority","Cargo"
"listConnectionCitizenPriority","Citizens"
"listConnectionImport","Importazione"
"listConnectionExport","Esportazione"
"titleOutsideConnectionPanel","Connessioni Esterne"
"keyOpenOutsidePanel","Apri Outside Connection Panel"
"txtDetectedDistricts","Distretti Rilevati"
"btnDistricts","Distretti"
"btnDistrict","Distretto"
"btnPark","Zona"
"btnMap","Mappa"
"txtNone","Nessuno"
"txtVehiclesNone","Nessuno"
"txtStatusNone","Nessuno"
"GROUP_BUILDINGPANEL_DISTANCE_RESTRICTIONS","Restrizioni di Distretto"
"sliderDistanceRestriction","Distanza Massima Corrispondenza (Km)"
"sliderDistanceRestrictionTooltip","0 = Utilizza l'impostazione globale, se presente, o nessuna restrizione.\r\n1+ = Distanza massima corrispondenza"
"titleDistrictPanel","Seleziona Distretti"
"txtAllowedDistricts","Distretti Permessi"
"txtBlockedDistricts","Distretti Bloccati"
"txtCurrentDistrict","Distretto Attuale"
"txtCurrentPark","Zona Attuale"
"txtLoad","Carica"
"GROUP_IMPROVED_SERVICES_MATCHING","Migliorare Corrispondenza Servizi"
"tabMatches","Corrispondenze"
"titleTransferStatsPanel","Statistiche Gestore Trasferimenti"
"sliderOutsideCargoCapacity","Capacità Carico"
"sliderOutsideResidentCapacity","Capacità Residente"
"sliderOutsideTouristFactor0","Fattore Turistico 0"
"sliderOutsideTouristFactor1","Fattore Turistico 1"
"sliderOutsideTouristFactor2","Fattore Turistico 2"
"sliderOutsideDummyTrafficFactor","Fattore Traffico Fittizio"
"btnOutsideReset","Resetta"
"GROUP_OUTSIDE_SETTINGS","Parametri Connessione Esterna"
"GROUP_BALANCED_MATCH_MODE","Modalità Corrispondenza Bilanciata"
"dropdownBalancedTitle","Corrispondenza Prima Quando è Uguale"
"dropdownBalancedModeIncomingFirst","Corrispondenza In Arrivo Prima (Base)"
"dropdownBalancedModeLeastFirst","Corrispondenza Prima Offerte Minori"
"dropdownBalancedModePassiveFirst","Corrispondenza Prima Passiva"
"txtBalancedMatch","Scegliere quale offerta corrisponde per prima quando le offerte in entrata e in uscita hanno la stessa priorità."
"GROUP_PATH_DISTANCE","Algoritmo Distanza di Corrispondenza"
"optionPathDistanceServices","Usa Distanza Percorso per i Servizi"
"optionPathDistanceGoods","Usa Distanza Percorso per le Merci"
"dropdownPathDistanceAlgorithmServices","Algoritmo dei Servizi"
"dropdownPathDistanceAlgorithmGoods","Algoritmo delle Merci"
"dropdownPathDistanceLOS","Linea di Visione"
"dropdownPathDistanceConnectedLOS","Linea di Visione connessa"
"dropdownPathDistance","Distanza Percorso"
"txtPathDistance","Usare distanza del percorso invece della distanza della linea di visione. Questo metodo consente di ottenere una migliore corrispondenza nei casi in cui la rete o la geografia siano complesse, ma è più lento, quindi assicuratevi che il vostro computer sia sufficientemente veloce per questa opzione."
"optionHighlightMatches","Evidenziare Corrispondenze"
"listBuildingPanelOffersPark","Parco"
"tabTransferRoadAccess","Nessun Accesso Stradale"
"btnResetRoadAccess","Resetta Accesso Stradale"
"tabGame","Gioco"
"btnDeleteVehicle","Elimina Veicolo"
"btnDeleteIntercityLine","Delete Intercity Line"
"tabMaintenance","Manutenzione"
"GROUP_Maintenance","Manutenzione"
"btnReleaseGhostVehicles","Rilascia Veicoli Fantasma"
"txtReleaseGhostVehicles","Cercate i veicoli bloccati o senza posizioni o status validi e liberateli."
"btnReleaseBrokenPathing","Rilascia Percorsi Interrotto"
"txtBrokenPathUnits","Individuare le unità di percorso che non sono state rilasciate correttamente ma che non vengono utilizzate e rilasciarle correttamente."
"txtGhostVehiclesCount","Veicoli Fantasma Rilasciati"
"GROUP_MAINTENANCE_PATHING","Debug Percorso"
"dropdownConnectionGraph","Mostra Grafico di Connessione Percorso"
"dropdownConnectionGraphNone","Nessuno"
"dropdownConnectionGraphGoods","Merci"
"dropdownConnectionGraphPedestrianZoneServices","Servizi Zona Pedonale"
"dropdownConnectionGraphOtherServices","Altri Servizi"
"txtShowConnectionGraph","This option will color each node to show whether they are connected or not according to the Transfer Manager algorithm. Nodes with the same color are connected, differently colored nodes are not."
"tabBuildingPanelCapacity","Capacità"
"sliderTransferIssueDeadTimerValue","Soglia Temporizzatore di Morte"
"sliderTransferIssueSickTimerValue","Soglia Temporizzatore di Malattia"
"sliderTransferIssueGoodsTimerValue","Soglia Temporizzatore di Merci"
"GROUP_SICK_COLLECTION","Collezione Cittadino Malato"
"txtOverrideSickHandler","The vanilla sick handler has very little in game consequences, citizens will occasionally be forced to move home and very rarely a building will become abandoned. This option overrides the vanilla sick handler with a custom handler where citizens will often die if no ambulance arrives in time."
"optionOverrideSickHandler","Override Sick Handler"
"txtSickSadNotification","Display sad notification when there are sick to be collected but no normal sick issues with the building."
"optionDisplaySickNotification","Display Sad Notification"
"optionSickHelicopterRate","Helicopter Request Rate"
"txtSickHelicopterRate","How often will the citizens request a helicopter instead of an ambulance."
"optionSickWalkRate","Walk Request Rate"
"txtSickWalkRate","How often are the citizens willing to walk to the hospital instead of getting an ambulance."
"GROUP_CRIME","Crime"
"txtToughOnCrime","Increase police presence in the city to reduce crime rates"
"optionPoliceToughOnCrime","Tough on crime"
"GROUP_BUILDINGPANEL_BUILDING_RESTRICTIONS","Restrizioni Edificio"
"btnBuildingRestrictions","Edifici..."
"btnBuildingRestrictionsSelected","Seleziona Edifici"
"txtBuildingRestrictionsIncoming","In arrivo"
"txtBuildingRestrictionsOutgoing","In uscita"
"txtBuildingRestrictionsAllBuildings","Tutti gli Edifici"
"txtBuildingRestrictionsRestricted","Riservato"
"txtAllowedBuildings","Edifici Permessi"
"btnClear","Pulisci"
"reasonGoodsIn","Merci In Arrivo"
"reasonStudent1","Studenti"
"reasonStudent2","Studenti"
"reasonStudent3","Studenti"
"reasonCrime","Criminalità"
"reasonCrimeMove","Criminali In Transito"
"reasonGarbage","Rifiuti"
"reasonGarbageMove","Spostamento Rifiuti"
"reasonGarbageTransfer","Trasferimento Rifiuti"
"reasonDead","Raccolta Morto"
"reasonDeadMove","Morto in Transito"
"reasonSick","Raccogli Malato"
"reasonSickMove","Malato in Transito"
"reasonFire","Incendio"
"reasonFire2","Elicottero antincendio"
"reasonForestFire","Incendio boschivo"
"reasonMaterialOut","Materiale In uscita"
"reasonMail","Posta"
"reasonMail2","Large Mail"
"reasonUnsortedMail","Posta Non Ordinata"
"reasonSortedMail","Posta Ordinata"
"reasonParkMaintenance","Manutenzione Parco"
"reasonRoadMaintenance","Manutenzione Strada"
"reasonTaxi","Taxi"
"reasonTaxiMove","TaxiMove"
"reasonCollapsed","Camion"
"reasonCollapsed2","Elicotteri"
"reasonRawMaterial","Materie Prime"
"reasonIncomingMaterial","Materiale in Arrivo"
"reasonOutgoingMaterial","Materiale in Uscita"
"reasonWarehouse","Immagazzinamento"
"reasonGoods","Merci"
"reasonCash","Raccolta Contanti"
"reasonFloodWater","Allagamento"
"reasonSnow","Raccogli Neve"
"reasonSnowMove","Neve in Transito"
"tooltipHighlightModeOff","Modalità Evidenziazione: Spento"
"tooltipHighlightModeMatches","Highlight Mode: Matches\r\n\r\nKey\r\nRed: Selected Building\r\nMagenta: Services\r\nCyan: Raw Materials\r\nBlue: Goods\r\nOrange: Mail\r\nYellow: Everything else"
"tooltipHighlightModeIssues","Modalità di Evidenziazione: Problemi\r\n\r\nChiave\r\nRosso: Edificio Selezionato\r\nCiano e oro: Bassa Priorità\r\nBlu e arancione: Alta Priorità\r\nVerde: Altri edifici di servizio per questo tipo di problema"
"tooltipHighlightModeSettings","Highlight Mode: Settings\r\n\r\nKey\r\nRed: Building with settings."
"tooltipHighlightModeIssues2","Highlight Mode: Issues\r\n\r\nKey"
"GROUP_EXPORT_LIMITS","Limiti del Veicolo per l'Esportazione"
"sliderExportVehicleLimit","Limite dei Veicoli da Esportazione Edificio(%)"
"txtExportVehicleLimit","Se le connessioni esterne sono sovraccariche, è possibile utilizzare questa impostazione per limitare il numero di veicoli che ogni edificio può destinare all'esportazione.\r\n0% = Nessuna Esportazione Consentita\r\n100% = Senza Limiti"
"optionImprovedWarehouseTransfer","Migliorare Trasferimento del Magazzino"
"GROUP_VISUALS","Visuali"
"optionEnablePanelTransparency","Abilita Trasparenza Pannello ( Richiede il Riavvio)"
"optionOverrideGenericIndustriesHandler","Bypassare il Manipolatore Generico delle Industrie"
"txtOverrideGenericIndustriesHandler","Il gestore di industrie generiche tende a richiedere molto materiale in modo urgente, il che può generare molto traffico di camion e monopolizzare il materiale disponibile. Questo manipolatore cerca di correggere questi problemi."
"GROUP_MAINTENANCE_LOGGING","Corrispondenza Impostazione di Registrazione"
"dropdownLoggingReason","Log Motivo"
"txtMatchLogging","Questa opzione scrive i file di log per ogni corrispondenza impostata per il motivo scelto. Attenzione: Questa opzione comporta una significativa penalizzazione delle prestazioni; si consiglia di attivarla solo a scopo di risoluzione dei problemi."
"txtMatchLoggingPath","Percorso File di Log:\r\n"
"optionShowBuildingId","Mostra l'ID Edificio Nel Titolo"
"optionLogCitizenPathFailures","Log citizen path failures"
"txtLogCitizenPathFailureWarning","Warning: This option usually produces a large number of path failures and is only intended to help when debugging a buildings path issues."
"GROUP_PATH_FAIL_EXCLUSION","Percorso Fallito"
"txtPathFailExclusion","Rileva gli errori di percorso e blocca per un po' di tempo qualsiasi altra corrispondenza tra questi oggetti falliti."
"optionPathFailExclusion","Esclusione Percorso Fallito"
"dropdownCandidates","Log Candidati"
"dropdownAllCandidates","Tutti i Candidati"
"dropdownValidCandidates","Candidati Validi"
"dropdownExcludedCandidates","Candidati Esclusi"
"dropdownNoCandidates","No Candidati"
"sliderPathDistanceHeuristic","Prestazioni Algoritmo"
"txtPathDistanceHeuristic","L'algoritmo della distanza del percorso può utilizzare un'euristica per accelerare il calcolo, ma questa euristica può ridurre l'accuratezza della scelta della corrispondenza più vicina in alcune situazioni."
"txtPathDistanceHeuristicKey","0% = Preciso (Nessuna Euristica), 100% = Veloce (Solo Euristica)"
"txtPathDistanceShift","L'algoritmo della distanza del percorso regola il tempo di percorrenza dell'ultimo segmento di un collegamento esterno, all'interno dell'algoritmo, per consentire l'applicazione dei moltiplicatori del collegamento esterno. Modificando questo valore è possibile regolare il valore di base che viene applicato a questi segmenti."
"sliderPathDistanceShift","Moltiplicatore Valore Base (Tempo di Viaggio)"
"txtPathUnitCount","Unità Percorso Rilasciate"
"txtEnterBuildingId","Seleziona Edificio o Inserisci l'ID dell'Edificio"
"tooltipCopySettings","Copia Impostazioni"
"tooltipPasteSettings","Incolla Impostazioni"
"tooltipClearSettings","Pulisci Impostazioni"
"GROUP_TAXI_MOVE","Utilizzo Parcheggio Taxi"
"txtTaxiMove","Questa opzione rende la stazione dei taxi il centro di smistamento dei taxi anziché il deposito. Ciò significa che i taxi aspetteranno presso gli stand vicino a un aeroporto o a un quartiere turistico affollato, anziché essere nascosti in un deposito di taxi."
"optionTaxiMove","Improve Taxi Stand Usage"
"sliderTaxiStandDelay","Taxi Stand Delay"
"txtTaxiStandDelay","Add a small delay before a taxi, that is waiting at a stand, will make a taxi offer. This stops taxis from constantly arriving at a taxi stand then immediately being dispatched to pick up another citizen."
"tabAdvanced","Advanced"
"GROUP_PATCHES","Patches"
"txtAdvancedDescription","These patches are designed to fix issues in the vanilla game code that effect transfers. It is recommended to have them enabled unless troubleshooting an issue you are having."
"optionFixFindHospital","Patch ResidentAI.FindHospital (Requires restart)."
"txtFindHospital","There is a bad vanilla bug in ResidentAI.FindHospital that breaks sick, eldercare and childcare services."
"GROUP_VEHICLE_PATCHES","Vehicle Patches"
"optionFixCargoTrucksDisappearingOutsideConnections","Fix cargo trucks spawning at outside connections then disappearing."
"optionFixBankVansStuckCargoStations","Fix bank vans getting stuck at cargo stations."
"optionFixPostVansStuckCargoStations","Fix post vans getting stuck at cargo stations."
"optionFixTransportStationNullReferenceException","Fix transport station null reference exception."
"optionFixPostTruckCollectingMail","Fix post trucks collecting mail after visiting a service point."
"GROUP_INTERCITY_STOPS","Intercity Stops"
"optionResetStopMaxWaitTimeWhenNoPasengers","Reset stop max wait time when no passengers waiting at stop."
"checkForceIntercityStopSpawnAtMaxCount","Force spawn when waiting count exceeds max capacity"
"GROUP_DESPAWN_PATCHES","Despawn Patches"
"txtDespawnPatches","These patches will trigger a cargo vehicles arrival code just before they reach the edge of the map to significantly increase outside connection throughput."
"optionForceCargoTrainDespawnOutsideConnections","Force cargo trains to despawn at outside connections."
"optionForceCargoShipDespawnOutsideConnections","Force cargo ships to despawn at outside connections."
"optionForceCargoPlaneDespawnOutsideConnections","Force cargo planes to despawn at outside connections."
"GROUP_SPAWN_PATCHES","Spawn Patches"
"txtSpawnPatches","Vehicles at Outside Connections need to wait for space to spawn. If the outside connection is busy enough, this will eventually lead to the connection failing as the spawn rate is slower than the production rate. These patches remove the space requirement so that vehicles can continue to spawn."
"optionForceCargoShipSpawn","Force cargo ships to spawn at outside connections."
"optionForceCargoPlaneSpawn","Force cargo planes to spawn at outside connections."
"optionForcePassengerShipSpawn","Force passenger ships to spawn at outside connections."
"optionForcePassengerPlaneSpawn","Force passenger planes to spawn at outside connections."
"txtSpawnPatchesAirportGate","Vehicles at airport DLC gates need to wait for space to spawn. If you place airport gates near each other the code will stop aircraft from spawning even though the planes current gate is empty. This patch changes the space check to just the current gate and excludes surrounding gates."
"optionForceAirportGateToSpawn","Force passenger planes to spawn at airport DLC gates."
"GROUP_WAREHOUSE_PATCHES","Warehouse Patches"
"optionRemoveEmptyWarehouseLimit","Remove Empty mode warehouse capacity limitation (Requires restart)."
"optionFixFishWarehouses","Fix fish warehouses spawning fishing boats."
"GROUP_CARGO_WAREHOUSE_PATCHES","Cargo Warehouse Patches"
"optionFixCargoWarehouseExcludeFlag","Fix cargo warehouse offer missing exclude flag (Requires restart)."
"optionFixCargoWarehouseOfferRatio","Fix cargo warehouse offer ratio for more even usage."
"optionFixCargoWarehouseAccessSegment","Fix cargo warehouse pathing issues (incorrect access segment)."
"optionFixCargoWarehouseUnspawn","Fix cargo warehouse pathing issues (incorrect unspawn point)."
"GROUP_UNLIMITED","Unlimited Offer Amounts"
"txtApplyUnlimited","In a recent Cities Sylines update Colossal Order introduced an Unlimited flag to offers, usually for outside connections. This flag allows the offer to match any amount, enable this option to have this Transfer Manager apply this flag as well."
"txtApplyUnlimitedWarning","Warning: This option can produce a large amount of traffic when say a new warehouse is matched with an outside connection."
"optionApplyUnlimited","Apply Unlimited Offer Flag"
"txtAdditionalDistricts","Additional Districts"
"GROUP_OVEREDUCATED_WORKERS","Overeducated Workers"
"txtEmployOvereducatedWorkers","When this option is enabled, workers will occasionally apply for lower level jobs."
"optionEmployOverEducatedWorkers","Employ Overeducated Workers"
"GROUP_SICK_GENERATE","Sick Citizen Generatation"
"txtRandomSick","To increase hospital usage you can randomly make a citizen sick."
"txtRandomSickRate","Random Sick Rate"
"txtRandomSickRateScale","0 = OFF, 100 = Very High, 10000 = Very Low"
"sliderMainBuildingMaxMail","Main Building Max Mail"
"txtMainBuildingMaxMail","Main buildings collect all the mail for their areas. They have been created with a very low buffer limit of 2000, which results in constant demand for post vans to deliver mail. This option allows increasing their mail buffers so they will demand post vans less often."
"optionMainBuildingPostTruck","Use Post Trucks for Main Area Buildings"
"txtMainBuildingPostTruck","Post Trucks are used to collect mail from service points as they are less used and have larger mail capacity. This option will make them collect mail for main area buildings as well."
"GROUP_FIRETRUCK","Fire Truck"
"txtFiretruckExtinguishTrees","This option will make fire trucks extinguish nearby trees when putting out house fires."
"optionFiretruckExtinguishTrees","Fire Trucks Extinguish Trees"
"txtGlobalDistanceRestriction","Global Distance Restriction (km)"
"txtStatusHideVehicleReason","On the status tab of the building panel, hide the vehicles transfer reason when in a group. This option makes it easier to see what is happening on short lists but can be confusing on larger lists."
"optionStatusHideVehicleReason","Status Tab: Hide Vehicle Transfer Reason In Group"
"buttonResetPanelPosition","Reset Panel Position"
"columnPathFailureCount","Failure Count"
"columnId","Building ID"
"columnRestriction","Restrictions"
"issueGarbage","Garbage"
"issueIncoming","Incoming"
"issueOutgoing","Outgoing"
"issueNoServices","No Services"
"issueNoWorkers","No Workers"
"titleSettingsPanel","Building Settings"
"GROUP_SETTINGS_PANEL","Settings Panel"
"keyOpenSettingsPanel","Open Settings Panel"
"columnLocation","Location"
"pathingLocal","Local"
"tabPanels","Panels"
"txtCandidates","Candidates"
"txtBuildings","Buildings..."
"txtSelectBuildings","Select Buildings"
"txtSelectStartBuilding","Select Start Building"
"txtAlgorithm","Algorithm"
"txtDirection","Direction"
"txtForward","Forward"
"txtBackward","Backward"
"GROUP_PATH_DISTANCE_PANEL","Path Distance Panel"
"keyOpenPathDistancePanel","Open Path Distance Panel"
"txtPathDistanceCargoStationDelay","This option adjusts the travel time for the cargo station segment, within the algorithm, to take into account the transition between cargo vehicles."
"sliderCargoStationDelay","Cargo Station Delay"
"optionAddUnifiedUIbutton","Add Unified UI button"
"txtLocalVehicles","Local Vehicles"
"txtExternalVehicles","Outside Connection Vehicles"
"txtReturningVehicles","Returning to Facility"
"optionShowAllDistricts","Show All Districts"
"TransportTypePlane","Plane"
"TransportTypeShip","Ship"
"TransportTypeTrain","Train"
"TransportTypeRoad","Road"
"txtClearExtendedReasons","Clear extended reasons to allow unsubscribing from this mod for this save game."
"btnClearExtendedReasons","Clear Extended Reasons"
"txtTransferManagerTabDescription","The following settings are saved to the game file and are not modifiable unless in game."
"BuildingPanelNext","Select Next Building"
"BuildingPanelPrev","Select Previous Building"
"txtTaxiStand","Taxi Stand"
"txtVehicleDummyTraffic","Dummy Traffic"
"GROUP_AUTOFILL","Autofill"
"txtAutofillDescription","Fill importing cargo vehicles with additional cargo to sell. Any unsold cargo will be refunded upon arrival."
"optionAutofill","Autofill Importing Cargo Vehicles"
"btnResetIntercityStops","Reset Intercity Stops"
"btnClearIntercityStops","Clear Intercity Stops"
"reason_Garbage","Garbage"
"reason_Crime","Crime"
"reason_Sick","Sick"
"reason_Dead","Dead"
"reason_Worker0","Worker0"
"reason_Worker1","Worker1"
"reason_Worker2","Worker2"
"reason_Worker3","Worker3"
"reason_StudentES","StudentES"
"reason_StudentHS","StudentHS"
"reason_StudentUni","StudentUni"
"reason_Fire","Fire"
"reason_Bus","Bus"
"reason_Oil","Oil"
"reason_Ore","Ore"
"reason_ForestProducts","ForestProducts"
"reason_Crops","Crops"
"reason_Goods","Goods"
"reason_PassengerTrain","PassengerTrain"
"reason_Coal","Coal"
"reason_Family0","Family0"
"reason_Family1","Family1"
"reason_Family2","Family2"
"reason_Family3","Family3"
"reason_Single0","Single0"
"reason_Single1","Single1"
"reason_Single2","Single2"
"reason_Single3","Single3"
"reason_PartnerYoung","PartnerYoung"
"reason_PartnerAdult","PartnerAdult"
"reason_Shopping","Shopping"
"reason_Petrol","Petrol"
"reason_Food","Food"
"reason_LeaveCity0","LeaveCity0"
"reason_LeaveCity1","LeaveCity1"
"reason_LeaveCity2","LeaveCity2"
"reason_Entertainment","Entertainment"
"reason_Lumber","Lumber"
"reason_GarbageMove","GarbageMove"
"reason_MetroTrain","MetroTrain"
"reason_PassengerPlane","PassengerPlane"
"reason_PassengerShip","PassengerShip"
"reason_DeadMove","DeadMove"
"reason_DummyCar","DummyCar"
"reason_DummyTrain","DummyTrain"
"reason_DummyShip","DummyShip"
"reason_DummyPlane","DummyPlane"
"reason_Single0B","Single0B"
"reason_Single1B","Single1B"
"reason_Single2B","Single2B"
"reason_Single3B","Single3B"
"reason_ShoppingB","ShoppingB"
"reason_ShoppingC","ShoppingC"
"reason_ShoppingD","ShoppingD"
"reason_ShoppingE","ShoppingE"
"reason_ShoppingF","ShoppingF"
"reason_ShoppingG","ShoppingG"
"reason_ShoppingH","ShoppingH"
"reason_EntertainmentB","EntertainmentB"
"reason_EntertainmentC","EntertainmentC"
"reason_EntertainmentD","EntertainmentD"
"reason_Taxi","Taxi"
"reason_CriminalMove","CriminalMove"
"reason_Tram","Tram"
"reason_Snow","Snow"
"reason_SnowMove","SnowMove"
"reason_RoadMaintenance","RoadMaintenance"
"reason_SickMove","SickMove"
"reason_ForestFire","ForestFire"
"reason_Collapsed","Collapsed"
"reason_Collapsed2","Collapsed2"
"reason_Fire2","Fire2"
"reason_Sick2","Sick2"
"reason_FloodWater","FloodWater"
"reason_EvacuateA","EvacuateA"
"reason_EvacuateB","EvacuateB"
"reason_EvacuateC","EvacuateC"
"reason_EvacuateD","EvacuateD"
"reason_EvacuateVipA","EvacuateVipA"
"reason_EvacuateVipB","EvacuateVipB"
"reason_EvacuateVipC","EvacuateVipC"
"reason_EvacuateVipD","EvacuateVipD"
"reason_Ferry","Ferry"
"reason_CableCar","CableCar"
"reason_Blimp","Blimp"
"reason_Monorail","Monorail"
"reason_TouristBus","TouristBus"
"reason_ParkMaintenance","ParkMaintenance"
"reason_TouristA","TouristA"
"reason_TouristB","TouristB"
"reason_TouristC","TouristC"
"reason_TouristD","TouristD"
"reason_Mail","Mail"
"reason_UnsortedMail","UnsortedMail"
"reason_SortedMail","SortedMail"
"reason_OutgoingMail","OutgoingMail"
"reason_IncomingMail","IncomingMail"
"reason_AnimalProducts","AnimalProducts"
"reason_Flours","Flours"
"reason_Paper","Paper"
"reason_PlanedTimber","PlanedTimber"
"reason_Petroleum","Petroleum"
"reason_Plastics","Plastics"
"reason_Glass","Glass"
"reason_Metals","Metals"
"reason_LuxuryProducts","LuxuryProducts"
"reason_GarbageTransfer","GarbageTransfer"
"reason_PassengerHelicopter","PassengerHelicopter"
"reason_Fish","Fish"
"reason_Trolleybus","Trolleybus"
"reason_ElderCare","ElderCare"
"reason_ChildCare","ChildCare"
"reason_IntercityBus","IntercityBus"
"reason_BiofuelBus","BiofuelBus"
"reason_Cash","Cash"
"reason_TaxiMove","TaxiMove"
"reason_Mail2","Mail2"
"reason_BusinessA","BusinessA"
"reason_BusinessB","BusinessB"
"reason_BusinessC","BusinessC"
"reason_BusinessD","BusinessD"
"reason_NatureA","NatureA"
"reason_NatureB","NatureB"
"reason_NatureC","NatureC"
"reason_NatureD","NatureD"
"reason_Crime2","Crime2"
"reason_PoliceVanCriminalMove","PoliceVanCriminalMove"
"reason_CriminalPickup2","CriminalPickup2"
"reason_CriminalMove2","CriminalMove2"
"reason_None","None"
"issue_Sick","Sick"
"issue_Dead","Dead"
"issue_Crime","Crime"
"issue_Garbage","Garbage"
"issue_Incoming","Incoming"
"issue_Outgoing","Outgoing"
"issue_Worker","Worker"
"issue_Services","Services"
"issue_Mail","Mail"
"issue_Fire","Fire"
"stats_AverageDistance","Average Distance"
"stats_AverageMatchJobTime","Average Match Job Time"
"stats_AveragePathDistanceMatchJobTime","Average Path Distance Match Job Time"
"stats_AvgDist","Avg Dist."
"stats_BuildingCount","Building Count"
"stats_BuildingPanel","Building Panel"
"stats_Cache","Cache"
"stats_CitizenCount","Citizen Count"
"stats_CitizenInstanceCount","CitizenInstance Count"
"stats_CitizenUnitCount","CitizenUnit Count"
"stats_CurrentJobQueueDepth","Current Job Queue Depth"
"stats_CurrentOutsidePathFailCount","Current Outside Path Fail Count"
"stats_CurrentPathFailCount","Current Path Fail Count"
"stats_CurrentTransferResultQueueDepth","Current Transfer Result Queue Depth"
"stats_CycleCalculationTime","Cycle Calculation Time"
"stats_CycleMatchJobCount","Cycle Match Job Count"
"stats_CycleNumber","Cycle Number"
"stats_CycleSimulationTime","Cycle Simulation Time"
"stats_Description","Description"
"stats_DroppedReasonCount","Dropped Reason Count"
"stats_Gameresources","Game resources"
"stats_General","General"
"stats_GraphAverageTime","Graph Average Time"
"stats_GraphGenerationCount","Graph Generation Count"
"stats_INAmount","IN Amount"
"stats_InvalidBuildingObjects","Invalid Building Objects"
"stats_InvalidCitizenObjects","Invalid Citizen Objects"
"stats_InvalidVehicleObjects","Invalid Vehicle Objects"
"stats_IssueDetector","Issue Detector"
"stats_JobAvg","Job Avg"
"stats_JobLast","Job Last"
"stats_JobMax","Job Max"
"stats_JobQueue","Job Queue"
"stats_JobStatistics","Job Statistics"
"stats_LargestMatchJob","Largest Match Job"
"stats_LatestMatchCycle","Latest Match Cycle"
"stats_LongestMatchJobTime","Longest Match Job Time"
"stats_MatchAmount","Match Amount"
"stats_MatchTotals","Match Totals"
"stats_MatchesSecond","Matches / Second"
"stats_Material","Material"
"stats_MaxJobPoolUsage","Max Job Pool Usage"
"stats_MaxJobQueueDepth","Max Job Queue Depth"
"stats_MaxRunningThreads","Max Running Threads"
"stats_MaxTransferResultQueueDepth","Max Transfer Result Queue Depth"
"stats_NoRoadAccessFailCount","No Road Access Fail Count"
"stats_NodeCount","Node Count"
"stats_OUTAmount","OUT Amount"
"stats_Outside","Outside"
"stats_PathConnectionAverageTime","Path Connection Average Time"
"stats_PathConnectionGenerationCount","Path Connection Generation Count"
"stats_PathUnits","Path Units"
"stats_Pathing","Pathing"
"stats_ResultQueue","Result Queue"
"stats_RunningThreads","Running Threads"
"stats_SegmentCount","Segment Count"
"stats_Simulation","Simulation"
"stats_StepAverage","Step Average"
"stats_StepLast","Step Last "
"stats_StepPeak","Step Peak"
"stats_ThreadCount","Thread Count"
"stats_Threads","Threads"
"stats_TotalCitizenPathFailCount","Total Citizen Path Fail Count"
"stats_TotalMatchJobs","Total Match Jobs"
"stats_TotalMatchTime","Total Match Time"
"stats_TotalMatches","Total Matches"
"stats_TotalPathDistanceMatchJobs","Total Path Distance Match Jobs"
"stats_TotalVehiclePathFailCount","Total Vehicle Path Fail Count"
"stats_UpdateAverage","Update Average"
"stats_UpdateCount","Update Count"
"stats_UpdateLast","Update Last"
"stats_UpdatePeak","Update Peak"
"stats_Value","Value"
"stats_VehicleCount","Vehicle Count"
"col_distance","d"
"col_distance_km","Distance (km)"
"col_pathfail_tip","Path fail count"
"col_priority","P"
"col_priority_tip","In priority / Out priority"
"col_transferdistance","Transfer distance"
"status_Attractiveness","Attractiveness"
"status_Business","Business"
"status_CableCarStop","CableCar Stop"
"status_CitizenInstances","Citizen Instances"
"status_Citizens","Citizens"
"status_EvacuationStop","Evacuation Stop"
"status_Export","Export"
"status_Guests","Guests"
"status_Import","Import"
"status_IntercityStop","Intercity Stop"
"status_LandValue","Land Value"
"status_Total","Total"
"status_Visitors","Visitors"
"status_Workers","Workers"
"status_group_general","General"
"status_group_incoming","Incoming"
"status_group_outgoing","Outgoing"
"status_group_services","Services"
"vehstate_Congestion","Congestion"
"vehstate_Loading","Loading"
"vehstate_LoadingPhase2","Loading (Phase 2)"
"vehstate_WaitingCargo","Waiting cargo"
"vehstate_WaitingSpace","Waiting space"
"col_buildings","Buildings"
"col_warehouses","Warehouses"
"priority_plane","Plane Priority"
"priority_road","Road Priority"
"priority_ship","Ship Priority"
"priority_train","Train Priority"
"btn_Calculate","Calculate"
"btn_CheckUncheckAll","Check / Uncheck All"
"label_CalculationTime","Calculation Time"
"label_ChosenCandidate","Chosen Candidate"
"label_NodesExamined","Nodes Examined"
"label_Time","Time"
"label_TravelTime","Travel Time"
"tip_Criminals","# of criminals"
"tip_PercentBusiestConnection","% of busiest connection"
"tip_ActivateSelectionTool","Activate Selection Tool"
"tip_ActiveOrPassiveForThisMatch","Active or Passive for this match"
"tip_AmountExported","Amount Exported"
"tip_AmountImported","Amount Imported"
"tip_AttractivenessScoreOfHotel","Attractiveness score of hotel"
"tip_AverageJobTimeMs","Average Job Time (ms)"
"tip_AverageMatchDistanceKm","Average Match Distance (km)"
"tip_BuildingWithRoadAccessIssues","Building with road access issues"
"tip_CitizensInBuildingTotalCitizensAllocatedToBuilding","Citizens in building | Total citizens allocated to building"
"tip_CurrentVisitorsTotalVisitorPlaces","Current Visitors / Total Visitor Places"
"tip_CurrentWorkersTotalWorkPlaces","Current Workers / Total Work Places"
"tip_CurrentValue","Current value"
"tip_CustomersTotalPlaces","Customers / Total Places"
"tip_GuestVehicles","Guest Vehicles"
"tip_GuestsMaxGuests","Guests / Max Guests"
"tip_HighlightMatches","Highlight Matches"
"tip_IntensityDamage","Intensity | Damage"
"tip_LastJobTimeMs","Last Job Time (ms)"
"tip_MatchCargoPriority","Match Cargo Priority"
"tip_MatchCitizenPriority","Match Citizen Priority"
"tip_MatchDescription","Match description"
"tip_Material","Material"
"tip_MaxJobTimeMs","Max Job Time (ms)"
"tip_Name","Name"
"tip_OfferPark","Offer Park #"
"tip_OfferDescription","Offer description"
"tip_OpenTransferManagerCe","Open Transfer Manager CE"
"tip_OwnVehicles","Own Vehicles"
"tip_PercentOfCashCapacity","Percent of Cash Capacity"
"tip_ReasonForTransferRequest","Reason for transfer request"
"tip_ResetPathingForThisBuilding","Reset pathing for this building."
"tip_Responder","Responder"
"tip_Show","Show"
"tip_ShowIssuesPanel","Show Issues Panel"
"tip_ShowOutsideConnectionsPanel","Show Outside Connections Panel"
"tip_ShowStatisticsPanel","Show Statistics Panel"
"tip_ShowListOfBuildingsWithTmceSettings","Show list of buildings with TMCE settings"
"tip_SourceVehicle","Source / Vehicle"
"tip_SourceCitizenInstancesTargetCitizenInstances","Source citizen instances | Target citizen instances"
"tip_SourceForIssue","Source for issue"
"tip_SourceLocationForPath","Source location for path"
"tip_StuckVehicles","Stuck Vehicles"
"tip_Target","Target"
"tip_TargetDestinationForPath","Target destination for path"
"tip_TargetForIssue","Target for issue"
"tip_TimeOfMatch","Time of match"
"tip_TransferDirection","Transfer Direction"
"tip_TransferOfferAmount","Transfer Offer Amount"
"tip_TransferMatchAmount","Transfer match amount"
"tip_TransferOfferActivePassive","Transfer offer Active/Passive"
"tip_TransferOfferPriority","Transfer offer priority"
"tip_Type","Type"
"tip_TypeOfMaterial","Type of material"
"tip_Vehicle","Vehicle"
"tip_VehicleLoad","Vehicle Load"
"tip_VehicleOnRoute","Vehicle on route"
"tip_WaitBlocked","W = Waiting\r\nB = Blocked"
"tip_RestrictionReasons","Restriction Reasons:"
"tip_AllowedBuildings","Allowed Buildings:"
"tip_PathDistanceTool","Path Distance Tool: "
"tip_Object","Object"
"tip_Priority","Priority"
"tip_Amount","Amount"
"tip_Active","Dispatch"
"tip_Time","Time"
"tip_Park","Park"
"tip_Distance","Distance"
"tip_In","In"
"tip_Out","Out"
"tip_ActiveValue","Active"
"tip_PassiveValue","Passive"
"inout_In","Import"
"inout_Out","Export"
"disp_Active","Active"
"disp_Passive","Passive"
