"Context","来源/翻译"
"CODE","zh"
"NAME","简体中文"
"TMCE_NAM","运输管理器"
"tabTransferManager","运输管理"
"tabGeneral","常规选项"
"tabWarehouses","货运"
"tabServices","服务"
"DEBUGPROFILE","自定义运输管理器"
"optionEnableNewTransferManager","启用自定义运输管理器"
"GROUP_SERVICE_OPTIONS","服务选项"
"GROUP_SERVICE_DISTRICT_OPTIONS","区划选项"
"optionPreferLocalService","优先服务本区划"
"optionPreferLocalService_txt","该机制将通过限定低优先级需求仅匹配同区域（或无归属区域）的服务建筑，从而提升服务本地化效率。当未满足需求升级为高优先级时，则可由任意邻近服务建筑响应。作用范围：垃圾处理、警务、医疗、道路养护、邮政、出租车服务。"
"txtPreferLocalService","该机制将限制服务供给的覆盖范围：低优先级需求仅限匹配同区域的服务建筑。当未满足需求升级为高优先级时，则可突破限制由任意邻近服务建筑响应。"
"txtPreferLocalServiceWarning","警告：此系高风险功能，启用前请务必确保所有区域均已划定行政分区，且各分区内部署有完备服务设施，否则可能引发全城服务瘫痪。"
"GROUP_WAREHOUSE_OPTIONS","仓库选项"
"optionWarehouseFirst","优先与仓库交易"
"optionWarehouseFirst_txt","该选项将在匹配流程前期优先处理入库货物，这将使绝大多数货物转运都经由仓库枢纽完成。"
"txtWarehouseSmartImportExport","该选项将为平衡模式仓库启用更智能的进货/出货规则：此后仓库仅允许在仓位≤1/3时进货，并在仓位≥2/3时自动出货。"
"optionWarehouseSmartImportExport","更智能的进货/出货规则"
"txtImprovedWarehouseMatching","原版仓库的运输任务优先级上限为2级，启用此选项后可提升至7级。此功能仅在智能仓库间匹配功能开启时可用。"
"optionImprovedWarehouseMatching","优化仓库间调货策略"
"txtNewInterWarehouseMatching","此选项允许仓库间转运以较低优先级进行。仓库间中转货物的可能性被调高，同时仅允许货量少的仓库送货给货量多的，避免出现无意义的货物中转。"
"optionNewWarehouseTransfer","优化仓库间调货策略"
"optionWarehouseReserveTrucks","预留仓库货运卡车供本地运输使用"
"optionWarehouseReserveTrucks_txt","建议在开启“优先与仓库交易”后同时开启此选项，该选项设置了仓库用于本地运货的卡车比例，这避免仓库的所有卡车均用于出口而没有车可用于本地货运"
"txtNewWarehouseReserveTrucks","当可用卡车数量低于此比例时，此选项将降低对外供货优先级，从而预留运力保障高优先级本地需求。"
"GROUP_CARGO_WAREHOUSE_OPTIONS","仓库选项"
"txtImprovedCargoWarehouseMatching","此选项将为货运仓库之间的运输匹配应用规则，以确保货运仓库与外部连接之间的铁路得到有效利用。"
"optionImprovedCargoWarehouseMatching","优化仓库间调货策略"
"GROUP_FACTORY_OPTIONS","工厂选项"
"optionFactoryFirst","优先与工厂交易"
"optionFactoryFirstText","在选择进货来源/出货目标时，优先选择工厂，这将保证工厂能够就近进出口货物，从而改善工厂的运作"
"GROUP_EXPORTIMPORT_OPTIONS","外部连接选项"
"OutsidePriorityDescription","该优先级设置将作用于匹配流程，用以提高或降低外部连接点被匹配到的可能性。"
"txtCargoPriority","货物优先级"
"txtCitizenPriority","市民优先级"
"GROUP_EXPERIMENTAL_DEATHCARE","殡葬服务/垃圾处理"
"optionDeathcareExperimental","优化殡葬服务运输策略"
"optionGarbageExperimental","优化垃圾处理运输策略"
"optionPoliceExperimental","优化警局运输策略"
"optionImprovedMailTransfers","优化邮件传输策略"
"txtDeathcareExperimental","该选项将改变公墓、垃圾处理厂及警察局的车辆调度机制：游戏默认每次仅派发单台车辆，启用后则按可用车辆总数派发请求，从而提升匹配效率。\r\n同时当使用中车辆小于1/2时，将自动提高该类请求的调度优先级。"
"GROUP_TRANSFERISSUE_PANEL","运输问题面板"
"keyOpenTransferIssuePanel","打开运输问题面板"
"optionShowIssuesWithVehiclesOnRoute","显示路线上车辆的问题"
"sliderTransferIssueDeleteResolvedDelay","已解决问题被删除前的保留时间"
"GROUP_STATISTICS_PANEL","统计面板"
"keyOpenStatisticsPanel","打开统计面板"
"StatisticsPanelEnabled","启用统计"
"btnResetTransferManagerSettings","重置所有设置"
"btnResetPathingStatistics","重置车辆寻路"
"buttonResetTransferStatistics","重置运输统计"
"tabBuildingPanelSettings","设置"
"GROUP_BUILDINGPANEL_SERVICES","服务选项"
"GROUP_BUILDINGPANEL_OUTSIDE_CONNECTIONS","外部连接"
"dropdownBuildingPanelImportExport","进口/出口"
"GROUP_BUILDINGPANEL_OUTSIDE_PRIORITY","外部连接优先级"
"txtOutsideConnectionCurrentCargoPriority","当前货物优先级"
"txtOutsideConnectionCurrentCitizenPriority","当前市民优先级"
"GROUP_BUILDINGPANEL_GOODS_DELIVERY","货运选项"
"chkBuildingPanelReserveWarehouseTrucks","为本地货运预留仓库卡车"
"tabBuildingPanelStatus","状态"
"tabBuildingPanelStops","站点"
"tabBuildingPanelTransfers","运输"
"listBuildingPanelStatusColumn1","材料"
"listBuildingPanelStatusColumn2","数值"
"listBuildingPanelStatusColumn3","响应者"
"listBuildingPanelStatusColumn4","车辆"
"listBuildingPanelStatusColumn5","时长"
"listBuildingPanelStopsSourceVehicle","来源 / 载具"
"labelBuildingPanelOffers","传输需求"
"labelBuildingPanelMatchOffers","匹配"
"listBuildingPanelOffersColumn1","进/出口"
"listBuildingPanelOffersColumn2","材料"
"listBuildingPanelOffersColumn3","优先级"
"listBuildingPanelOffersColumn4","发/接车"
"listBuildingPanelOffersColumn5","数量"
"listBuildingPanelOffersColumn6","描述"
"listBuildingPanelMatchesColumn1","时间"
"listBuildingPanelMatchesColumn2","材料"
"listBuildingPanelMatchesColumn3","发/接车"
"listBuildingPanelMatchesColumn4","数量"
"listBuildingPanelMatchesColumn5","Δ"
"listBuildingPanelMatchesColumn6","描述"
"titleTransferIssuesPanel","传输问题"
"tabTransferIssuesPathing","寻路"
"tabTransferIssues","问题"
"tabTransferIssuesDead","死亡"
"listPathingColumn1","时间"
"listPathingColumn2","来源"
"listPathingColumn3","目标"
"txtIssue","问题"
"listDeadColumn1","死亡"
"listDeadColumn2","时长"
"listDeadColumn3","来源"
"listDeadColumn4","目标"
"listDeadColumn5","车辆"
"tabTransferIssuesSick","生病"
"listSickColumn1","生病"
"listBuildingPanelVehicleTarget","目标"
"dropdownBuildingPanelPreferLocalLabel","区域限制"
"dropdownBuildingPanelPreferLocal1","向所有区域提供服务"
"dropdownBuildingPanelPreferLocal2","优先本区划"
"dropdownBuildingPanelPreferLocal3","仅限本区划"
"dropdownBuildingPanelPreferLocal4","所有区划，除以下："
"tabTransferIssuesOutside","外部"
"GROUP_BUILDING_PANEL","建筑物面板"
"keyOpenBuildingPanel","打开建筑物面板"
"GROUP_LOCALISATION","本地化"
"dropdownLocalization","语言"
"tabBuildingPanelVehicles","车辆"
"txtBuildingPanelTransferManagerWarning","警告：设置前需开启 “自定义运输管理器”"
"tabTransferIssuesGoods","货物进口"
"tabTransferIssuesGoodsOut","货物出口"
"chkShowIssuesWithVehicles","显示已发车的问题"
"GROUP_BUILDINGPANEL_DISTRICT","区划限制"
"dropdownBuildingPanelOutgoingPreferLocalLabel","出口"
"dropdownBuildingPanelIncomingPreferLocalLabel","进口"
"chkAllowImport","允许进口"
"chkAllowExport","允许出口"
"GROUP_BUILDINGPANEL_APPLYTOALL","应用于全部同类建筑"
"txtApplyToBuilding","应用到建筑"
"tabExperimental","实验性的"
"chkDistrictAllowServices","允许服务（垃圾、火灾、警察......）"
"GROUP_DISTANCE_LIMITS","距离限制"
"tabDistanceRestrictions","距离"
"sliderDeathcareDistanceLimits","殡葬服务距离限制 (km)"
"sliderHealthcareDistanceLimits","医疗服务距离限制 (km)"
"sliderGarbageDistanceLimits","垃圾收集距离限制 (km)"
"sliderPoliceDistanceLimits","警局距离限制 (km)"
"sliderFireDistanceLimits","消防距离限制 (km)"
"sliderMailDistanceLimits","邮件距离限制 (km)"
"txtDistanceLimits","允许的最大匹配距离，0 = 无限。\r\n进口/出口不受影响。"
"tabVehicleAI","车辆AI"
"GROUP_VEHICLE_AI","启用/关闭 车辆AI"
"txtVehicleAIDescription","车辆AI增强了车辆寻找附近待解决问题的能力，例如当消防车结束一次灭火任务后，他会顺便寻找周围区域发生的其他火灾的地区并前往扑灭。"
"optionFireTruckAI","消防车"
"optionFireCopterAI","消防直升机"
"optionPostVanAI","邮政货车"
"optionGarbageTruckAI","垃圾车"
"optionPoliceCarAI","警车"
"optionPoliceCopterAI","警用直升机"
"optionCargoTruckAI","货运卡车"
"tabImportExport","进口/出口"
"GROUP_IMPORT_RESTRICTIONS","允许进口"
"txtImportRestrictions","在停止进口以下资源之前请确保城市能够自给自足"
"sliderWarehouseReservePercent","用于本地配送的预留卡车(%)"
"sliderWarehouseReservePercentLocal","预留卡车(%)"
"GROUP_DUMMY_TRAFFIC","虚拟流量"
"optionDummyTraffic","禁用虚拟流量"
"txtDummyTraffic","该选项将屏蔽游戏生成的虚拟交通流量（A外部连接→B外部连接的车流），从而有效降低城市道路负荷。默认情况下，系统会生成虚拟车辆以增强城市活力感，此功能可拦截此类无效交通请求。"
"optionWarehouseOverride","覆盖全局设置"
"GROUP_OUTSIDE_CONNECTIONS_PANEL","外部连接面板"
"listConnectionName","名称"
"listConnectionType","类型"
"listConnectionInOut","进出口"
"listConnectionUsage","使用情况"
"listConnectionGuest","外来车辆"
"listConnectionOwn","自有车辆"
"listConnectionStuck","卡住的"
"listConnectionCargoPriority","货物"
"listConnectionCitizenPriority","市民"
"listConnectionImport","进口"
"listConnectionExport","出口"
"titleOutsideConnectionPanel","外部连接"
"keyOpenOutsidePanel","打开外部连接面板"
"txtDetectedDistricts","检测到的区划"
"btnDistricts","区划"
"btnDistrict","区划"
"btnPark","区域"
"btnMap","地图"
"txtNone","无"
"txtVehiclesNone","无"
"txtStatusNone","无"
"GROUP_BUILDINGPANEL_DISTANCE_RESTRICTIONS","距离限制"
"sliderDistanceRestriction","最大匹配距离（公里）"
"sliderDistanceRestrictionTooltip","该值 =0 时使用全局设置。\r\n 不为0时即为最大匹配距离"
"titleDistrictPanel","选择区划"
"txtAllowedDistricts","允许的区划"
"txtBlockedDistricts","被屏蔽的区划"
"txtCurrentDistrict","当前区划"
"txtCurrentPark","当前区域"
"txtLoad","载入"
"GROUP_IMPROVED_SERVICES_MATCHING","优化服务匹配策略"
"tabMatches","匹配"
"titleTransferStatsPanel","运输管理器统计"
"sliderOutsideCargoCapacity","货车量上限"
"sliderOutsideResidentCapacity","居民数量上限"
"sliderOutsideTouristFactor0","低收入游客因子"
"sliderOutsideTouristFactor1","中收入游客因子"
"sliderOutsideTouristFactor2","高收入游客因子"
"sliderOutsideDummyTrafficFactor","虚拟流量因子"
"btnOutsideReset","重置"
"GROUP_OUTSIDE_SETTINGS","外部连接参数"
"GROUP_BALANCED_MATCH_MODE","买入-卖出优先级相同时的匹配策略"
"dropdownBalancedTitle","优先级相同时优先选择哪一方"
"dropdownBalancedModeIncomingFirst","买入一方优先选择（默认）"
"dropdownBalancedModeLeastFirst","买入-卖出数量较少一方优先"
"dropdownBalancedModePassiveFirst","被动匹配的一方优先"
"txtBalancedMatch","选择在买入-卖出优先级相同时，哪一方优先做选择。"
"GROUP_PATH_DISTANCE","距离计算算法"
"optionPathDistanceServices","让各项服务使用路径距离"
"optionPathDistanceGoods","让商品运输使用路径距离"
"dropdownPathDistanceAlgorithmServices","服务算法"
"dropdownPathDistanceAlgorithmGoods","货物算法"
"dropdownPathDistanceLOS","视线"
"dropdownPathDistanceConnectedLOS","已连接的视线"
"dropdownPathDistance","路径距离"
"txtPathDistance","该选项将采用实际路径距离替代直线距离进行寻路计算，在路网结构复杂或存在地形障碍时能生成更优路线匹配，但会导致性能损耗提升。启用前请务必确保您的计算机硬件配置足够强劲以承受额外运算负荷。"
"optionHighlightMatches","高亮匹配"
"listBuildingPanelOffersPark","公园"
"tabTransferRoadAccess","没有道路访问"
"btnResetRoadAccess","重置道路访问"
"tabGame","游戏"
"btnDeleteVehicle","删除车辆"
"btnDeleteIntercityLine","删除进城路线"
"tabMaintenance","系统维护"
"GROUP_Maintenance","系统维护"
"btnReleaseGhostVehicles","重置幽灵车辆"
"txtReleaseGhostVehicles","该功能将自动检测并强制回收卡死无法移动、坐标位置失效、状态数据异常的车辆。"
"btnReleaseBrokenPathing","清除寻路失败的对象"
"txtBrokenPathUnits","该功能将自动定位并彻底释放未正确释放的路径计算单元。"
"txtGhostVehiclesCount","幽灵车辆已重置"
"GROUP_MAINTENANCE_PATHING","路径调试"
"dropdownConnectionGraph","显示路径连接图"
"dropdownConnectionGraphNone","无"
"dropdownConnectionGraphGoods","货物"
"dropdownConnectionGraphPedestrianZoneServices","步行区服务"
"dropdownConnectionGraphOtherServices","其他服务"
"txtShowConnectionGraph","该选项将根据运输管理器的算法为每个节点着色，显示这些节点是否已经连接。颜色相同的节点为已连接节点，颜色不同的节点为未连接节点。"
"tabBuildingPanelCapacity","容量"
"sliderTransferIssueDeadTimerValue","殡葬服务超时阈值"
"sliderTransferIssueSickTimerValue","疾病服务超时阈值"
"sliderTransferIssueGoodsTimerValue","货运超时阈值"
"GROUP_SICK_COLLECTION","患病居民救治"
"txtOverrideSickHandler","游戏原版疾病处理机制带来的后果非常轻微：市民偶尔会被迫回家休养，建筑物极少会被废弃。此选项将用一个自定义处理机制覆盖原版机制：如果救护车未能及时抵达，市民们将会经常死亡。"
"optionOverrideSickHandler","覆盖原版疾病处理机制"
"txtSickSadNotification","当建筑存在待收治病人但自身无健康问题时，显示患病通知。"
"optionDisplaySickNotification","显示患病通知"
"optionSickHelicopterRate","医疗直升机请求率"
"txtSickHelicopterRate","市民需要医疗直升机而非救护车的频率。"
"optionSickWalkRate","步行请求率"
"txtSickWalkRate","市民愿意步行前往医院而不是使用救护车的频率。"
"GROUP_CRIME","犯罪"
"txtToughOnCrime","增加警察存在感以降低犯罪率"
"optionPoliceToughOnCrime","严厉打击犯罪"
"GROUP_BUILDINGPANEL_BUILDING_RESTRICTIONS","建筑限制"
"btnBuildingRestrictions","建筑..."
"btnBuildingRestrictionsSelected","选择建筑"
"txtBuildingRestrictionsIncoming","输入"
"txtBuildingRestrictionsOutgoing","输出"
"txtBuildingRestrictionsAllBuildings","所有建筑"
"txtBuildingRestrictionsRestricted","受限的"
"txtAllowedBuildings","允许的建筑"
"btnClear","清除"
"reasonGoodsIn","输入的商品"
"reasonStudent1","学生"
"reasonStudent2","学生"
"reasonStudent3","学生"
"reasonCrime","罪犯"
"reasonCrimeMove","运送罪犯"
"reasonGarbage","垃圾"
"reasonGarbageMove","垃圾运送"
"reasonGarbageTransfer","垃圾运输"
"reasonDead","接收死者"
"reasonDeadMove","运送死者"
"reasonSick","接收病人"
"reasonSickMove","运送病人"
"reasonFire","火灾"
"reasonFire2","消防直升机"
"reasonForestFire","森林火灾"
"reasonMaterialOut","出口材料"
"reasonMail","邮件"
"reasonMail2","大型邮件"
"reasonUnsortedMail","未分类的邮件"
"reasonSortedMail","已分类的邮件"
"reasonParkMaintenance","公园维护"
"reasonRoadMaintenance","道路维护"
"reasonTaxi","出租车"
"reasonTaxiMove","出租车的移动"
"reasonCollapsed","货车"
"reasonCollapsed2","直升机"
"reasonRawMaterial","原料"
"reasonIncomingMaterial","进口的材料"
"reasonOutgoingMaterial","出口的材料"
"reasonWarehouse","存储空间"
"reasonGoods","货物"
"reasonCash","现金收集"
"reasonFloodWater","洪水"
"reasonSnow","收集积雪"
"reasonSnowMove","运送积雪"
"tooltipHighlightModeOff","高亮模式：关闭"
"tooltipHighlightModeMatches","高亮模式：匹配项\r\n\r\n图例\r\n红色：已选建筑\r\n洋红色：服务\r\n青色：原材料\r\n蓝色：货物\r\n橙色：邮件\r\n黄色：其他所有"
"tooltipHighlightModeIssues","高亮模式：问题\r\n\r\n对应关系\r\n红色：选定建筑\r\n青色和金色：低优先级\r\n蓝色和橙色：高优先级\r\n绿色：此问题类型的其他服务建筑"
"tooltipHighlightModeSettings","高亮模式：设置\r\n\r\n对应关系\r\n红色：有单独设置的建筑。"
"tooltipHighlightModeIssues2","高亮模式：设置\r\n\r\n对应关系"
"GROUP_EXPORT_LIMITS","出口车辆限制"
"sliderExportVehicleLimit","建筑输出车辆限制(%)"
"txtExportVehicleLimit","如果您的外部连接过于繁忙， 您可以使用此设置来限制每个建筑物可以出口的车辆数量。\r\n0% = 不允许出口\r\n100% = 不受限制"
"optionImprovedWarehouseTransfer","优化仓库间调货策略"
"GROUP_VISUALS","视觉效果"
"optionEnablePanelTransparency","启用面板透明(需要重启游戏)"
"optionOverrideGenericIndustriesHandler","替换原版工业货运机制"
"txtOverrideGenericIndustriesHandler","该优化模块将重构普通工业区物流算法，针对性解决原版工业区因无节制紧急原料申请导致的交通拥堵与资源垄断问题。"
"GROUP_MAINTENANCE_LOGGING","匹配日志集"
"dropdownLoggingReason","日志的原因"
"txtMatchLogging","此选项将根据所选原因，写入相应内容到日志文件中。 警告：这会导致严重的性能负担，只能用于故障排查。"
"txtMatchLoggingPath","日志文件路径：\r\n"
"optionShowBuildingId","在标题中显示建筑 ID"
"optionLogCitizenPathFailures","将市民寻路失败的事件写入日志"
"txtLogCitizenPathFailureWarning","警告：启用此选项后，日志中通常会出现大量寻路失败的记录，因此请仅在排除建筑物路径问题时使用此选项。"
"GROUP_PATH_FAIL_EXCLUSION","寻路错误"
"txtPathFailExclusion","检测发生了寻路错误的对象，并暂时禁止它们参与匹配"
"optionPathFailExclusion","寻路错误排除"
"dropdownCandidates","记录候选项"
"dropdownAllCandidates","所有候选项"
"dropdownValidCandidates","有效候选项"
"dropdownExcludedCandidates","被排除的候选"
"dropdownNoCandidates","没有候选项"
"sliderPathDistanceHeuristic","算法性能"
"txtPathDistanceHeuristic","路径距离算法可启用启发式加速计算，但该优化可能导致特定场景下最近距离匹配精度下降。"
"txtPathDistanceHeuristicKey","0% = 精准模式（无启发式），100% = 极速模式（纯启发式）"
"txtPathDistanceShift","该路径距离算法将调整外部连接点末段路径的通行耗时计算（在算法内部处理），以实现外部连接倍率的应用。通过修改此参数，您可调节作用于这些路段的基础参考值，从而精准控制城际物流效率。"
"sliderPathDistanceShift","倍数基本值（旅行时间）"
"txtPathUnitCount","已释放路径单元"
"txtEnterBuildingId","选择建筑或输入建筑 ID"
"tooltipCopySettings","复制设定"
"tooltipPasteSettings","粘贴设定"
"tooltipClearSettings","清除设置"
"GROUP_TAXI_MOVE","出租车站点使用情况"
"txtTaxiMove","该选项将出租车服务的调度枢纽从车库转移至等候站。这意味着出租车将驻留在机场或热门景区附近的等候站待命，而非闲置在车库中。"
"optionTaxiMove","优化出租车站点的使用情况"
"sliderTaxiStandDelay","出租车站点的等待"
"txtTaxiStandDelay","该选项将为等候站的出租车增设接单延迟响应机制。具体表现为：出租车在等候站停靠后，需经短暂等待期才可接收新的乘客订单，从而杜绝出租车""前脚刚进站，后脚又被派走""的无效调度循环。"
"tabAdvanced","高级选项"
"GROUP_PATCHES","修补"
"txtAdvancedDescription","这些修补补丁旨在修复原版游戏代码中影响运输的问题。建议启用这些修补补丁，除非您正在排除故障。"
"optionFixFindHospital","ResidentAI.FindHospital 补丁（需要重新启动）"
"txtFindHospital","游戏原版""ResidentAI.FindHospital""中存在一个严重漏洞，会导致医院、养老院和儿童健康中心服务失效。"
"GROUP_VEHICLE_PATCHES","载具修补选项"
"optionFixCargoTrucksDisappearingOutsideConnections","修复货运卡车在对外连接处生成，随后又消失的问题。"
"optionFixBankVansStuckCargoStations","修复银行运钞车在货运设施站点卡住的问题。"
"optionFixPostVansStuckCargoStations","修复邮政车辆在货运设施站点卡住的问题。"
"optionFixTransportStationNullReferenceException","修复公共交通站点的 null reference 错误。"
"optionFixPostTruckCollectingMail","修复邮政车辆在访问服务点后收集邮件的问题。"
"GROUP_INTERCITY_STOPS","城际站点强制生成选项"
"optionResetStopMaxWaitTimeWhenNoPasengers","如果没有乘客在公共交通站点等候，重置该站点最大等候时间。"
"checkForceIntercityStopSpawnAtMaxCount","当等待数量超过最大容量时强制生成"
"GROUP_DESPAWN_PATCHES","载具消失补丁"
"txtDespawnPatches","这些补丁会在货运载具即将抵达地图边缘时触发其到达逻辑，从而显著提升外部连接的吞吐量。"
"optionForceCargoTrainDespawnOutsideConnections","在对外连接处强制货运火车消失。"
"optionForceCargoShipDespawnOutsideConnections","在对外连接处强制货运轮船消失。"
"optionForceCargoPlaneDespawnOutsideConnections","在对外连接处强制货运飞机消失。"
"GROUP_SPAWN_PATCHES","载具生成选项"
"txtSpawnPatches","外部连接处的载具需要等待有足够空间后才会生成。如果外部连接过于繁忙，这最终会导致连接失效，因为生成速度低于生产速度。这些补丁移除了空间需求，使载具能够持续生成。"
"optionForceCargoShipSpawn","在对外连接处强制货运轮船生成。"
"optionForceCargoPlaneSpawn","在对外连接处强制货运飞机生成。"
"optionForcePassengerShipSpawn","在对外连接处强制客运轮船生成。"
"optionForcePassengerPlaneSpawn","在对外连接处强制客运飞机生成。"
"txtSpawnPatchesAirportGate","机场DLC登机口的载具需要等待有足够空间后才会生成。如果你将机场登机口建得彼此过于靠近，游戏代码会阻止飞机生成，即便飞机当前所在的登机口是空着的。本补丁对此进行了修改：空间检查范围仅限当前登机口，不再将周围登机口纳入判定。"
"optionForceAirportGateToSpawn","在机场 DLC 登机口处强制客运飞机生成。"
"GROUP_WAREHOUSE_PATCHES","仓库修补选项"
"optionRemoveEmptyWarehouseLimit","移除空置模式仓库的容量限制（需要重启游戏）。"
"optionFixFishWarehouses","修复鱼类仓库生成渔船的问题。"
"GROUP_CARGO_WAREHOUSE_PATCHES","仓库修补选项"
"optionFixCargoWarehouseExcludeFlag","修复货物仓库报价缺少 exclude 标签的问题（需要重启游戏）。"
"optionFixCargoWarehouseOfferRatio","修复货物仓库的报价比例，使其使用率更均衡。"
"optionFixCargoWarehouseAccessSegment","修复货物仓库寻路问题（路段访问不正确）。"
"optionFixCargoWarehouseUnspawn","修复货运仓库寻路问题（修正错误的卸载位置）。"
"GROUP_UNLIMITED","无限报价金额"
"txtApplyUnlimited","在最近的 Cities Skylines 更新中，Colossal Order 向报价引入了 ""无限"" 标记，通常用于对外连接的交易中。该标记允许报价匹配到任何金额。启用该选项后，Transfer Manager 也会应用该标记。"
"txtApplyUnlimitedWarning","警告：当新仓库与对外连接匹配时，该选项可能会产生大量流量。"
"optionApplyUnlimited","应用无限报价标志"
"txtAdditionalDistricts","其它区划"
"GROUP_OVEREDUCATED_WORKERS","受过度教育的工人"
"txtEmployOvereducatedWorkers","启用此选项后，工人将偶尔申请较低级别的工作。"
"optionEmployOverEducatedWorkers","雇佣受过度教育的工人"
"GROUP_SICK_GENERATE","患病公民生成"
"txtRandomSick","为了增加医院的使用率，您可以随机使公民生病。"
"txtRandomSickRate","随机患病率"
"txtRandomSickRateScale","0 = 关闭，100 = 非常高，10000 = 非常低"
"sliderMainBuildingMaxMail","区域主建筑邮件上限"
"txtMainBuildingMaxMail","区域主建筑负责收集其范围内的所有邮件。这些建筑初始设置的缓冲区上限极低（仅为2000），导致需要频繁调度邮政卡车进行邮件派送。此选项允许增大其邮件缓冲区上限，从而减少邮政卡车的调度频率。"
"optionMainBuildingPostTruck","将邮政卡车用于区域主建筑"
"txtMainBuildingPostTruck","邮政卡车用于从服务点收取邮件（因其利用率较低且运载量更大）。此选项将使其同时承担为区域主建筑收件的功能。"
"GROUP_FIRETRUCK","消防车"
"txtFiretruckExtinguishTrees","此选项将使消防车在扑灭火灾时扑灭附近的树木。"
"optionFiretruckExtinguishTrees","消防车可以针对树木"
"txtGlobalDistanceRestriction","全局距离限制 (km)"
"txtStatusHideVehicleReason","在建筑信息面板的“状态”标签页中，当处于分组模式时隐藏车辆的转移原因。此选项可使精简列表更易阅读，但在大型列表中可能造成混淆。"
"optionStatusHideVehicleReason","状态标签页：分组状态下隐藏车辆转移原因"
"buttonResetPanelPosition","重置面板位置"
"columnPathFailureCount","寻路失败次数"
"columnId","建筑物 ID"
"columnRestriction","限制"
"issueGarbage","垃圾"
"issueIncoming","进口"
"issueOutgoing","出口"
"issueNoServices","无服务"
"issueNoWorkers","无工人"
"titleSettingsPanel","建筑设置"
"GROUP_SETTINGS_PANEL","设置面板"
"keyOpenSettingsPanel","打开设置面板"
"columnLocation","位置"
"pathingLocal","本地"
"tabPanels","自定义面板"
"txtCandidates","候选项"
"txtBuildings","建筑……"
"txtSelectBuildings","选择建筑"
"txtSelectStartBuilding","选择开始建筑"
"txtAlgorithm","算法"
"txtDirection","方向"
"txtForward","向前"
"txtBackward","向后"
"GROUP_PATH_DISTANCE_PANEL","路径距离面板"
"keyOpenPathDistancePanel","打开路径距离面板"
"txtPathDistanceCargoStationDelay","本选项将调整算法中货运站路段的通行耗时计算规则，以计入货物在不同运输载具间的转换耗时。"
"sliderCargoStationDelay","货运站延迟"
"optionAddUnifiedUIbutton","在Unified UI中添加按钮"
"txtLocalVehicles","本地车辆"
"txtExternalVehicles","外部连接车辆"
"txtReturningVehicles","返回到设施"
"optionShowAllDistricts","显示所有区域"
"TransportTypePlane","飞机"
"TransportTypeShip","船只"
"TransportTypeTrain","火车"
"TransportTypeRoad","道路"
"txtClearExtendedReasons","清除该模组附加设置，以便在此存档中取消订阅本模组。"
"btnClearExtendedReasons","清除模组附加设置"
"txtTransferManagerTabDescription","以下设置会保存至游戏存档文件中，且仅可在游戏内修改。"
"BuildingPanelNext","选择下一个建筑"
"BuildingPanelPrev","选择上一个建筑"
"txtTaxiStand","出租车等候站"
"txtVehicleDummyTraffic","虚拟流量"
"GROUP_AUTOFILL","自动装载"
"txtAutofillDescription","为进口货运载具额外装载货物以供销售。未售出的货物将在抵达时退款。"
"optionAutofill","自动填充进口货运载具"
"btnResetIntercityStops","重置城际公交车站点"
"btnClearIntercityStops","清除城际公交车站点"
"reason_Garbage","垃圾"
"reason_Crime","犯罪"
"reason_Sick","病人"
"reason_Dead","尸体"
"reason_Worker0","未受教育"
"reason_Worker1","受普通教育"
"reason_Worker2","受中等教育"
"reason_Worker3","受高等教育"
"reason_StudentES","小学学生"
"reason_StudentHS","中学学生"
"reason_StudentUni","大学学生"
"reason_Fire","火灾"
"reason_Bus","公交"
"reason_Oil","石油"
"reason_Ore","矿产"
"reason_ForestProducts","林业产品"
"reason_Crops","农作物"
"reason_Goods","货物"
"reason_PassengerTrain","客运列车"
"reason_Coal","煤炭"
"reason_Family0","家庭(未受教育)"
"reason_Family1","家庭(受普通教育)"
"reason_Family2","家庭(受中等教育)"
"reason_Family3","家庭(受高等教育)"
"reason_Single0","单身(未受教育)"
"reason_Single1","单身(受普通教育)"
"reason_Single2","单身(受中等教育)"
"reason_Single3","单身(受高等教育)"
"reason_PartnerYoung","年轻伴侣"
"reason_PartnerAdult","成年伴侣"
"reason_Shopping","购物"
"reason_Petrol","燃油"
"reason_Food","食物"
"reason_LeaveCity0","离开城市(未受教育)"
"reason_LeaveCity1","离开城市(受普通教育)"
"reason_LeaveCity2","离开城市(受中等教育)"
"reason_Entertainment","娱乐"
"reason_Lumber","木材"
"reason_GarbageMove","垃圾转运"
"reason_MetroTrain","地铁"
"reason_PassengerPlane","客运飞机"
"reason_PassengerShip","客运轮船"
"reason_DeadMove","尸体转运"
"reason_DummyCar","虚拟汽车"
"reason_DummyTrain","虚拟火车"
"reason_DummyShip","虚拟轮船"
"reason_DummyPlane","虚拟飞机"
"reason_Single0B","单身(未受教育)"
"reason_Single1B","单身(受普通教育)"
"reason_Single2B","单身(受中等教育)"
"reason_Single3B","单身(受高等教育)"
"reason_ShoppingB","购物(B)"
"reason_ShoppingC","购物(C)"
"reason_ShoppingD","购物(D)"
"reason_ShoppingE","购物(E)"
"reason_ShoppingF","购物(F)"
"reason_ShoppingG","购物(G)"
"reason_ShoppingH","购物(H)"
"reason_EntertainmentB","娱乐(B)"
"reason_EntertainmentC","娱乐(C)"
"reason_EntertainmentD","娱乐(D)"
"reason_Taxi","出租车"
"reason_CriminalMove","罪犯转移"
"reason_Tram","有轨电车"
"reason_Snow","积雪"
"reason_SnowMove","积雪转运"
"reason_RoadMaintenance","道路维护"
"reason_SickMove","病人转移"
"reason_ForestFire","森林火灾"
"reason_Collapsed","坍塌"
"reason_Collapsed2","坍塌救援"
"reason_Fire2","消防直升机"
"reason_Sick2","医疗直升机"
"reason_FloodWater","洪水"
"reason_EvacuateA","疏散(A)"
"reason_EvacuateB","疏散(B)"
"reason_EvacuateC","疏散(C)"
"reason_EvacuateD","疏散(D)"
"reason_EvacuateVipA","贵宾疏散(A)"
"reason_EvacuateVipB","贵宾疏散(B)"
"reason_EvacuateVipC","贵宾疏散(C)"
"reason_EvacuateVipD","贵宾疏散(D)"
"reason_Ferry","渡轮"
"reason_CableCar","缆车"
"reason_Blimp","飞艇"
"reason_Monorail","单轨"
"reason_TouristBus","观光巴士"
"reason_ParkMaintenance","公园维护"
"reason_TouristA","游客(A)"
"reason_TouristB","游客(B)"
"reason_TouristC","游客(C)"
"reason_TouristD","游客(D)"
"reason_Mail","邮件"
"reason_UnsortedMail","未分拣邮件"
"reason_SortedMail","已分拣邮件"
"reason_OutgoingMail","外发邮件"
"reason_IncomingMail","收进邮件"
"reason_AnimalProducts","畜产品"
"reason_Flours","面粉"
"reason_Paper","纸张"
"reason_PlanedTimber","刨平木材"
"reason_Petroleum","石油制品"
"reason_Plastics","塑料"
"reason_Glass","玻璃"
"reason_Metals","金属"
"reason_LuxuryProducts","奢侈品"
"reason_GarbageTransfer","垃圾转运"
"reason_PassengerHelicopter","客运直升机"
"reason_Fish","鱼"
"reason_Trolleybus","无轨电车"
"reason_ElderCare","老人护理"
"reason_ChildCare","儿童保育"
"reason_IntercityBus","城际公交"
"reason_BiofuelBus","生物燃料公交"
"reason_Cash","现金"
"reason_TaxiMove","出租车调配"
"reason_Mail2","邮件投递"
"reason_BusinessA","商业(A)"
"reason_BusinessB","商业(B)"
"reason_BusinessC","商业(C)"
"reason_BusinessD","商业(D)"
"reason_NatureA","自然(A)"
"reason_NatureB","自然(B)"
"reason_NatureC","自然(C)"
"reason_NatureD","自然(D)"
"reason_Crime2","警用直升机"
"reason_PoliceVanCriminalMove","罪犯转移(警车)"
"reason_CriminalPickup2","罪犯接运(直升机)"
"reason_CriminalMove2","罪犯转移(直升机)"
"reason_None","无"
"issue_Sick","病人"
"issue_Dead","尸体"
"issue_Crime","犯罪"
"issue_Garbage","垃圾"
"issue_Incoming","输入"
"issue_Outgoing","出库"
"issue_Worker","工人"
"issue_Services","服务"
"issue_Mail","邮件"
"issue_Fire","火灾"
"stats_AverageDistance","平均距离"
"stats_AverageMatchJobTime","平均匹配任务耗时"
"stats_AveragePathDistanceMatchJobTime","平均路径距离匹配任务耗时"
"stats_AvgDist","平均距离"
"stats_BuildingCount","建筑数量"
"stats_BuildingPanel","建筑面板"
"stats_Cache","缓存"
"stats_CitizenCount","市民数量"
"stats_CitizenInstanceCount","市民实例数量"
"stats_CitizenUnitCount","市民单元数量"
"stats_CurrentJobQueueDepth","当前任务队列深度"
"stats_CurrentOutsidePathFailCount","当前外部寻路失败数"
"stats_CurrentPathFailCount","当前寻路失败数"
"stats_CurrentTransferResultQueueDepth","当前匹配结果队列深度"
"stats_CycleCalculationTime","周期计算耗时"
"stats_CycleMatchJobCount","周期匹配任务数"
"stats_CycleNumber","周期编号"
"stats_CycleSimulationTime","周期模拟耗时"
"stats_Description","描述"
"stats_DroppedReasonCount","丢弃请求数"
"stats_Gameresources","游戏资源"
"stats_General","常规"
"stats_GraphAverageTime","图平均耗时"
"stats_GraphGenerationCount","图生成次数"
"stats_INAmount","入站量"
"stats_InvalidBuildingObjects","无效建筑对象"
"stats_InvalidCitizenObjects","无效市民对象"
"stats_InvalidVehicleObjects","无效载具对象"
"stats_IssueDetector","问题检测器"
"stats_JobAvg","任务平均"
"stats_JobLast","最近任务"
"stats_JobMax","最长任务"
"stats_JobQueue","任务队列"
"stats_JobStatistics","任务统计"
"stats_LargestMatchJob","最大匹配任务"
"stats_LatestMatchCycle","最近匹配周期"
"stats_LongestMatchJobTime","最长匹配任务耗时"
"stats_MatchAmount","匹配量"
"stats_MatchTotals","匹配总计"
"stats_MatchesSecond","每秒匹配数"
"stats_Material","材料"
"stats_MaxJobPoolUsage","任务池最大使用量"
"stats_MaxJobQueueDepth","最大任务队列深度"
"stats_MaxRunningThreads","最大运行线程数"
"stats_MaxTransferResultQueueDepth","最大匹配结果队列深度"
"stats_NoRoadAccessFailCount","无道路接入失败数"
"stats_NodeCount","节点数量"
"stats_OUTAmount","出站量"
"stats_Outside","外部"
"stats_PathConnectionAverageTime","路径连接平均耗时"
"stats_PathConnectionGenerationCount","路径连接生成次数"
"stats_PathUnits","路径单元"
"stats_Pathing","寻路"
"stats_ResultQueue","结果队列"
"stats_RunningThreads","运行中线程"
"stats_SegmentCount","路段数量"
"stats_Simulation","模拟"
"stats_StepAverage","步进平均"
"stats_StepLast","最近步进"
"stats_StepPeak","峰值步进"
"stats_ThreadCount","线程数"
"stats_Threads","线程"
"stats_TotalCitizenPathFailCount","市民寻路失败总数"
"stats_TotalMatchJobs","匹配任务总数"
"stats_TotalMatchTime","匹配总耗时"
"stats_TotalMatches","总匹配数"
"stats_TotalPathDistanceMatchJobs","路径距离匹配任务总数"
"stats_TotalVehiclePathFailCount","载具寻路失败总数"
"stats_UpdateAverage","平均更新"
"stats_UpdateCount","更新次数"
"stats_UpdateLast","最近更新"
"stats_UpdatePeak","峰值更新"
"stats_Value","数值"
"stats_VehicleCount","载具数量"
"col_distance","距离"
"col_distance_km","距离(公里)"
"col_pathfail_tip","寻路失败次数"
"col_priority","优先"
"col_priority_tip","进/出优先级"
"col_transferdistance","转运距离"
"status_Attractiveness","魅力"
"status_Business","商业"
"status_CableCarStop","缆车站点"
"status_CitizenInstances","市民实例"
"status_Citizens","市民"
"status_EvacuationStop","疏散站点"
"status_Export","出口"
"status_Guests","宾客"
"status_Import","进口"
"status_IntercityStop","城际站点"
"status_LandValue","地价"
"status_Total","总计"
"status_Visitors","游客"
"status_Workers","工人"
"status_group_general","常规"
"status_group_incoming","输入"
"status_group_outgoing","出库"
"status_group_services","服务"
"vehstate_Congestion","拥堵"
"vehstate_Loading","装载中"
"vehstate_LoadingPhase2","装载(阶段2)"
"vehstate_WaitingCargo","等待货物"
"vehstate_WaitingSpace","等待车位"
"col_buildings","建筑"
"col_warehouses","仓库"
"priority_plane","飞机优先级"
"priority_road","公路优先级"
"priority_ship","轮船优先级"
"priority_train","火车优先级"
"btn_Calculate","计算"
"btn_CheckUncheckAll","全选 / 取消全选"
"label_CalculationTime","计算耗时"
"label_ChosenCandidate","选定候选"
"label_NodesExamined","已检查节点"
"label_Time","耗时"
"label_TravelTime","通行耗时"
"tip_Criminals","罪犯数量"
"tip_PercentBusiestConnection","最繁忙连接的百分比"
"tip_ActivateSelectionTool","启用选择工具"
"tip_ActiveOrPassiveForThisMatch","此次匹配为主动或被动"
"tip_AmountExported","已出口数量"
"tip_AmountImported","已进口数量"
"tip_AttractivenessScoreOfHotel","酒店魅力值"
"tip_AverageJobTimeMs","任务平均耗时(毫秒)"
"tip_AverageMatchDistanceKm","平均匹配距离(公里)"
"tip_BuildingWithRoadAccessIssues","有道路接入问题的建筑"
"tip_CitizensInBuildingTotalCitizensAllocatedToBuilding","建筑内市民 | 分配到该建筑的市民总数"
"tip_CurrentVisitorsTotalVisitorPlaces","当前游客 / 游客位总数"
"tip_CurrentWorkersTotalWorkPlaces","当前工人 / 总岗位数"
"tip_CurrentValue","当前数值"
"tip_CustomersTotalPlaces","顾客 / 总座位数"
"tip_GuestVehicles","外来车辆"
"tip_GuestsMaxGuests","宾客 / 最大宾客数"
"tip_HighlightMatches","高亮匹配"
"tip_IntensityDamage","火势强度 | 损坏程度"
"tip_LastJobTimeMs","最近任务耗时(毫秒)"
"tip_MatchCargoPriority","货物匹配优先级"
"tip_MatchCitizenPriority","市民匹配优先级"
"tip_MatchDescription","匹配描述"
"tip_Material","材料"
"tip_MaxJobTimeMs","最大任务耗时(毫秒)"
"tip_Name","名称"
"tip_OfferPark","园区编号"
"tip_OfferDescription","报价描述"
"tip_OpenTransferManagerCe","打开运输管理器(CE)"
"tip_OwnVehicles","自有车辆"
"tip_PercentOfCashCapacity","现金容量百分比"
"tip_ReasonForTransferRequest","运输请求的原因"
"tip_ResetPathingForThisBuilding","重置此建筑的寻路统计。"
"tip_Responder","响应者"
"tip_Show","显示"
"tip_ShowIssuesPanel","显示问题面板"
"tip_ShowOutsideConnectionsPanel","显示外部连接面板"
"tip_ShowStatisticsPanel","显示统计面板"
"tip_ShowListOfBuildingsWithTmceSettings","显示带运输管理器设置的建筑列表"
"tip_SourceVehicle","来源 / 车辆"
"tip_SourceCitizenInstancesTargetCitizenInstances","来源市民实例 | 目标市民实例"
"tip_SourceForIssue","问题来源"
"tip_SourceLocationForPath","寻路起点"
"tip_StuckVehicles","卡住的车辆"
"tip_Target","目标"
"tip_TargetDestinationForPath","寻路终点"
"tip_TargetForIssue","问题目标"
"tip_TimeOfMatch","匹配时间"
"tip_TransferDirection","运输方向"
"tip_TransferOfferAmount","运输请求数量"
"tip_TransferMatchAmount","匹配量"
"tip_TransferOfferActivePassive","运输请求主动/被动"
"tip_TransferOfferPriority","运输请求优先级"
"tip_Type","类型"
"tip_TypeOfMaterial","材料类型"
"tip_Vehicle","车辆"
"tip_VehicleLoad","车辆载货量"
"tip_VehicleOnRoute","路线上的车辆"
"tip_WaitBlocked","W = 等待\r\nB = 受阻"
"tip_RestrictionReasons","限制原因:"
"tip_AllowedBuildings","允许的建筑:"
"tip_PathDistanceTool","路径距离工具: "
"tip_Object","对象"
"tip_Priority","优先级"
"tip_Amount","数量"
"tip_Active","调度"
"tip_Time","时间"
"tip_Park","园区"
"tip_Distance","距离"
"tip_In","调入端 (In)"
"tip_Out","调出端 (Out)"
"tip_ActiveValue","主动"
"tip_PassiveValue","等待"
"inout_In","进口"
"inout_Out","出口"
"disp_Active","发车"
"disp_Passive","接车"
